-- phpMyAdmin SQL Dump
-- version 5.2.1
-- https://www.phpmyadmin.net/
--
-- 主機： 127.0.0.1
-- 產生時間： 2024-02-06 09:40:27
-- 伺服器版本： 10.4.32-MariaDB
-- PHP 版本： 8.2.12

SET SQL_MODE = "NO_AUTO_VALUE_ON_ZERO";
START TRANSACTION;
SET time_zone = "+00:00";


/*!40101 SET @OLD_CHARACTER_SET_CLIENT=@@CHARACTER_SET_CLIENT */;
/*!40101 SET @OLD_CHARACTER_SET_RESULTS=@@CHARACTER_SET_RESULTS */;
/*!40101 SET @OLD_COLLATION_CONNECTION=@@COLLATION_CONNECTION */;
/*!40101 SET NAMES utf8mb4 */;

--
-- 資料庫： `midterm_db`
--

DELIMITER $$
--
-- 函式
--
CREATE DEFINER=`root`@`localhost` FUNCTION `fCircle` (`radius` INT) RETURNS FLOAT  BEGIN
	DECLARE fcircle float;
    set fcircle=radius * radius * 3.14;
    RETURN(fcircle);
END$$

DELIMITER ;

-- --------------------------------------------------------

--
-- 資料表結構 `ca_cart`
--

CREATE TABLE `ca_cart` (
  `cart_id` int(11) NOT NULL,
  `item_id` int(11) NOT NULL,
  `user_id` int(11) NOT NULL,
  `quantity` int(11) NOT NULL
) ENGINE=InnoDB DEFAULT CHARSET=utf8mb4 COLLATE=utf8mb4_general_ci;

--
-- 傾印資料表的資料 `ca_cart`
--

INSERT INTO `ca_cart` (`cart_id`, `item_id`, `user_id`, `quantity`) VALUES
(1, 1, 1, 3),
(2, 2, 2, 1),
(3, 3, 3, 2),
(4, 4, 4, 1),
(5, 5, 5, 3),
(6, 6, 6, 1),
(7, 7, 7, 2),
(8, 8, 8, 1),
(9, 9, 9, 3),
(10, 10, 10, 1),
(11, 11, 11, 2),
(12, 12, 12, 1),
(13, 13, 13, 2),
(14, 14, 14, 1),
(15, 15, 15, 2),
(16, 16, 16, 1),
(17, 17, 17, 1),
(18, 18, 18, 2),
(19, 19, 19, 2),
(20, 20, 20, 1),
(21, 21, 21, 2),
(22, 5, 1, 2),
(23, 12, 2, 1),
(24, 3, 3, 2),
(25, 8, 4, 1),
(26, 15, 5, 3),
(27, 22, 6, 1),
(28, 7, 7, 2),
(29, 10, 8, 1),
(30, 2, 9, 2),
(31, 18, 10, 1),
(32, 25, 11, 2),
(33, 4, 12, 1),
(34, 11, 13, 2),
(35, 20, 14, 1),
(36, 27, 15, 2),
(37, 6, 16, 1),
(38, 13, 17, 3),
(39, 24, 18, 1),
(40, 9, 19, 2),
(41, 16, 20, 1),
(42, 5, 1, 2),
(43, 12, 2, 1),
(44, 3, 3, 2),
(45, 8, 4, 1),
(46, 15, 5, 3),
(47, 22, 6, 1),
(48, 7, 7, 2),
(49, 10, 8, 1),
(50, 2, 9, 2),
(51, 18, 10, 1),
(52, 25, 11, 2),
(53, 4, 12, 1),
(54, 11, 13, 2),
(55, 20, 14, 1),
(56, 27, 15, 2),
(57, 6, 16, 1),
(58, 13, 17, 3),
(59, 24, 18, 1),
(60, 9, 19, 2),
(61, 16, 20, 1),
(62, 1, 1, 1),
(65, 1, 1, 1),
(68, 2, 33, 2),
(69, 1, 2, 3),
(75, 1, 1, 31),
(76, 3, 12, 4),
(77, 12, 1, 20);

-- --------------------------------------------------------

--
-- 資料表結構 `ca_category`
--

CREATE TABLE `ca_category` (
  `category_id` int(11) NOT NULL,
  `category_name` varchar(30) NOT NULL,
  `category_sort` int(11) DEFAULT NULL
) ENGINE=InnoDB DEFAULT CHARSET=utf8mb4 COLLATE=utf8mb4_general_ci;

--
-- 傾印資料表的資料 `ca_category`
--

INSERT INTO `ca_category` (`category_id`, `category_name`, `category_sort`) VALUES
(1, '測試', 1),
(2, '直播商品', 2),
(3, '戶外用品', 3),
(4, '紀念品', 4),
(5, '測試種類', 5),
(6, '測試種類2', 6),
(7, '是事事', 1),
(8, '冊冊冊', NULL),
(9, '測測測', 2),
(10, '住手了吧', 10),
(11, 'tesst', NULL),
(12, 'teeeeesst', NULL),
(13, 'test3', NULL),
(14, 'test6', NULL),
(15, 'test', 3);

-- --------------------------------------------------------

--
-- 資料表結構 `ca_merchandise`
--

CREATE TABLE `ca_merchandise` (
  `item_id` int(11) NOT NULL,
  `item_name` varchar(40) NOT NULL,
  `quantity` int(11) NOT NULL,
  `category_id` int(11) NOT NULL,
  `description` text NOT NULL,
  `unit_price` int(11) NOT NULL,
  `product_img` varchar(255) DEFAULT NULL
) ENGINE=InnoDB DEFAULT CHARSET=utf8mb4 COLLATE=utf8mb4_general_ci;

--
-- 傾印資料表的資料 `ca_merchandise`
--

INSERT INTO `ca_merchandise` (`item_id`, `item_name`, `quantity`, `category_id`, `description`, `unit_price`, `product_img`) VALUES
(1, '測試商品1', 10, 1, '測試商品1', 10, 'images2.jpeg'),
(2, 'test2', 10, 2, 'kjk', 99, 'image6.jpg'),
(3, 'test3', 23, 3, 'were', 34, 'images.jpeg'),
(4, 'test4', 222, 4, '343', 223, 'images3.jpg'),
(5, '火箭', 50, 2, '大大火箭', 500, 'images2.jpeg'),
(6, '飛機', 50, 2, '大飛機', 400, 'images4.jpg'),
(7, '車車', 50, 2, '中車車', 300, 'images.jpeg'),
(8, '滑板', 50, 2, '小滑板', 200, 'images3.jpg'),
(9, '星星', 50, 2, '小小星星', 100, 'images4.jpg'),
(10, '普通石頭', 50, 3, '普通石頭', 1000, 'images2.jpeg'),
(11, '商品1', 10, 1, '商品描述1', 50, 'images.jpeg'),
(12, '商品2', 15, 2, '商品描述2', 60, 'images2.jpeg\n'),
(13, '商品3', 20, 3, '商品描述3', 70, 'images4.jpg'),
(14, '商品4', 25, 4, '商品描述4', 80, 'images.jpeg'),
(15, '商品5', 30, 1, '商品描述5', 90, 'image5.jpg'),
(16, '商品6', 35, 2, '商品描述6', 100, 'images2.jpeg'),
(17, '商品7', 40, 3, '商品描述7', 110, 'images3.jpg'),
(18, '手機', 30, 1, '最新型號', 10000, 'images.jpeg'),
(19, '筆記型電腦', 20, 1, '輕薄型', 1500, 'image6.jpg'),
(20, '運動鞋', 100, 4, '跑步鞋', 80, 'images4.jpg'),
(21, '耳機', 50, 4, '降噪耳機', 150, 'images2.jpeg'),
(22, '相機', 10, 3, '高畫質數位相機', 800, 'images4.jpg'),
(23, '椅子', 40, 4, '辦公椅', 120, 'images3.jpg'),
(24, '電視', 15, 4, '4K液晶電視', 1200, 'images4.jpg'),
(25, '手機', 30, 1, '最新型號', 10000, 'images.jpeg'),
(26, '筆記型電腦', 20, 1, '輕薄型', 1500, 'image6.jpg'),
(27, '運動鞋', 100, 4, '跑步鞋', 80, 'images3.jpg'),
(28, '耳機', 50, 4, '降噪耳機', 150, 'images.jpeg'),
(29, '相機', 10, 3, '高畫質數位相機', 800, 'images4.jpg'),
(30, '椅子', 40, 4, '辦公椅', 120, 'images3.jpg'),
(31, '電視', 15, 4, '4K液晶電視', 1200, 'image6.jpg'),
(32, '手錶', 25, 4, '智能手錶', 300, 'images.jpeg'),
(33, '書籍', 200, 4, '文學作品集', 20, 'images4.jpg'),
(34, '咖啡機', 10, 4, '家用咖啡機', 150, 'images.jpeg'),
(35, '手提包', 30, 4, '時尚手提包', 50, 'images3.jpg'),
(36, '自行車', 15, 4, '山地車', 500, 'images4.jpg'),
(37, '瑜伽墊', 50, 4, '防滑瑜伽墊', 30, 'image6.jpg'),
(38, '香水', 40, 4, '淡香水', 80, 'images2.jpeg'),
(39, '電動牙刷', 60, 4, '聲波震動牙刷', 40, 'images3.jpg'),
(40, '太陽眼鏡', 20, 4, '時尚太陽眼鏡', 70, 'images.jpeg'),
(41, '吉他', 10, 4, '木吉他', 200, 'images4.jpg'),
(42, '電動滑板車', 5, 4, '城市代步車', 800, 'image6.jpg'),
(43, '游泳褲', 30, 4, '男士游泳褲', 25, 'images3.jpg'),
(44, '商品1', 10, 12, '商品描述1', 50, 'images.jpeg'),
(45, '商品2', 15, 15, '商品描述2', 60, 'image6.jpg'),
(46, '商品3', 20, 15, '商品描述3', 70, 'images2.jpeg'),
(47, '不是你爸爸', 1, 1, '金富力士', 1000000, 'papa.jpeg'),
(49, '商品6', 35, 12, '商品描述6', 100, 'image6.jpg'),
(50, '商品7', 40, 13, '商品描述7', 110, 'images4.jpg'),
(51, '商品8', 45, 14, '商品描述8', 120, 'images3.jpg'),
(52, '商品9', 50, 12, '商品描述9', 130, 'images2.jpeg'),
(53, '商品10', 55, 12, '商品描述10', 140, 'images.jpeg'),
(54, '商品8', 45, 14, '商品描述8', 120, 'images2.jpeg'),
(56, '商品10', 55, 12, '商品描述10wwe', 140, 'images2.jpeg'),
(57, 'test add', 1, 11, '1', 11, 'images3.jpg'),
(78, '打打打', 11, 15, '打打打-', 1231, 'images4.jpg'),
(79, 'test550', 10, 14, 'kkkkkk', 50, 'image6.jpg'),
(88, '1', 1, 15, '188', 1, 'images.jpeg'),
(89, 'test', 2, 14, '', 343, 'images2.jpeg\n'),
(90, 'test', 323, 13, '2313', 133, 'images3.jpg'),
(93, '1', 1, 13, '1', 1, 'images4.jpg');

-- --------------------------------------------------------

--
-- 資料表結構 `ca_mer_comments`
--

CREATE TABLE `ca_mer_comments` (
  `comments_id` int(11) NOT NULL,
  `item_id` int(11) NOT NULL,
  `user_id` int(11) NOT NULL,
  `content` text NOT NULL,
  `rating` int(11) NOT NULL,
  `comment_time` timestamp NOT NULL DEFAULT current_timestamp() ON UPDATE current_timestamp()
) ENGINE=InnoDB DEFAULT CHARSET=utf8mb4 COLLATE=utf8mb4_general_ci;

--
-- 傾印資料表的資料 `ca_mer_comments`
--

INSERT INTO `ca_mer_comments` (`comments_id`, `item_id`, `user_id`, `content`, `rating`, `comment_time`) VALUES
(1, 1, 1, '測試留言1', 5, '2024-01-14 14:17:13'),
(2, 1, 1, '好棒的商品！', 5, '2024-01-25 06:30:00'),
(3, 2, 2, '性價比很高！', 4, '2024-01-25 06:35:00'),
(4, 3, 3, '喜歡這個顏色！', 5, '2024-01-25 06:40:00'),
(5, 4, 4, '很實用的設計！', 4, '2024-01-25 06:45:00'),
(6, 5, 5, '效果不錯！', 3, '2024-01-25 06:50:00'),
(7, 6, 6, '適合初學者！', 5, '2024-01-25 06:55:00'),
(8, 7, 7, '舒適度很高！', 4, '2024-01-25 07:00:00'),
(9, 8, 8, '外觀時尚！', 5, '2024-01-25 07:05:00'),
(10, 9, 9, '大小剛好！', 3, '2024-01-25 07:10:00'),
(11, 10, 10, '質感很好！', 4, '2024-01-25 07:15:00'),
(12, 11, 11, '音質一流！', 5, '2024-01-25 07:20:00'),
(13, 12, 12, '很好用的產品！', 4, '2024-01-25 07:25:00'),
(14, 13, 13, '挺好看的！', 3, '2024-01-25 07:30:00'),
(15, 14, 14, '質感很棒！', 5, '2024-01-25 07:35:00'),
(16, 15, 15, '方便攜帶！', 4, '2024-01-25 07:40:00'),
(17, 16, 16, '畫質清晰！', 5, '2024-01-25 07:45:00'),
(18, 17, 17, '坐起來很舒服！', 4, '2024-01-25 07:50:00'),
(19, 18, 18, '大螢幕！', 3, '2024-01-25 07:55:00'),
(20, 19, 19, '外型設計獨特！', 5, '2024-01-25 08:00:00'),
(21, 20, 20, '功能實用！', 4, '2024-01-25 08:05:00'),
(22, 21, 21, '舒適好穿！', 5, '2024-01-25 08:10:00'),
(23, 22, 22, '畫質非常好！', 4, '2024-01-25 08:15:00'),
(24, 23, 23, '好坐！', 3, '2024-01-25 08:20:00'),
(25, 24, 24, '超高清畫質！', 5, '2024-01-25 08:25:00'),
(26, 25, 25, '外型簡約好看！', 4, '2024-01-25 08:30:00'),
(27, 26, 26, '輕薄方便攜帶！', 5, '2024-01-25 08:35:00'),
(28, 27, 27, '降噪效果不錯！', 4, '2024-01-25 08:40:00'),
(29, 28, 28, '拍照效果很好！', 5, '2024-01-25 08:45:00'),
(30, 29, 29, '坐得很舒服！', 4, '2024-01-25 08:50:00'),
(31, 30, 30, '畫質極佳！', 3, '2024-01-25 08:55:00'),
(32, 31, 31, '遠看近用！', 5, '2024-01-25 09:00:00'),
(33, 32, 32, '方便時尚！', 4, '2024-01-25 09:05:00'),
(34, 33, 33, '文學氣息濃厚！', 5, '2024-01-25 09:10:00'),
(35, 34, 34, '咖啡香氣濃郁！', 4, '2024-01-25 09:15:00'),
(36, 35, 35, '時尚好搭配！', 3, '2024-01-25 09:20:00'),
(37, 36, 36, '適合山地騎行！', 5, '2024-01-25 09:25:00'),
(38, 37, 37, '防滑效果佳！', 4, '2024-01-25 09:30:00'),
(39, 38, 38, '淡淡香氣！', 5, '2024-01-25 09:35:00'),
(40, 39, 39, '聲波震動清潔力強！', 4, '2024-01-25 09:40:00'),
(41, 40, 40, '遮陽效果好！', 3, '2024-01-25 09:45:00'),
(42, 41, 41, '音質不錯！', 5, '2024-01-25 09:50:00'),
(43, 42, 42, '城市代步首選！', 4, '2024-01-25 09:55:00'),
(44, 43, 43, '舒適好穿！', 5, '2024-01-25 10:00:00'),
(45, 1, 1, '商品真的很讚！', 5, '2024-01-26 06:30:00'),
(46, 2, 2, '物超所值！', 4, '2024-01-26 06:35:00'),
(47, 3, 3, '滿意度100%！', 5, '2024-01-26 06:40:00'),
(48, 4, 4, '超好用！', 4, '2024-01-26 06:45:00'),
(49, 5, 5, '效果一流！', 3, '2024-01-26 06:50:00'),
(50, 6, 6, '強烈推薦！', 5, '2024-01-26 06:55:00'),
(51, 7, 7, '超級喜歡！', 4, '2024-01-26 07:00:00'),
(52, 8, 8, '絕對值得購買！', 5, '2024-01-26 07:05:00'),
(53, 9, 9, '真的很喜歡這個設計！', 3, '2024-01-26 07:10:00'),
(54, 10, 10, '質感非常好！', 4, '2024-01-26 07:15:00'),
(1, 1, 1, '測試留言1', 5, '2024-01-14 14:17:13'),
(2, 1, 1, '好棒的商品！', 5, '2024-01-25 06:30:00'),
(3, 2, 2, '性價比很高！', 4, '2024-01-25 06:35:00'),
(4, 3, 3, '喜歡這個顏色！', 5, '2024-01-25 06:40:00'),
(5, 4, 4, '很實用的設計！', 4, '2024-01-25 06:45:00'),
(6, 5, 5, '效果不錯！', 3, '2024-01-25 06:50:00'),
(7, 6, 6, '適合初學者！', 5, '2024-01-25 06:55:00'),
(8, 7, 7, '舒適度很高！', 4, '2024-01-25 07:00:00'),
(9, 8, 8, '外觀時尚！', 5, '2024-01-25 07:05:00'),
(10, 9, 9, '大小剛好！', 3, '2024-01-25 07:10:00'),
(11, 10, 10, '質感很好！', 4, '2024-01-25 07:15:00'),
(12, 11, 11, '音質一流！', 5, '2024-01-25 07:20:00'),
(13, 12, 12, '很好用的產品！', 4, '2024-01-25 07:25:00'),
(14, 13, 13, '挺好看的！', 3, '2024-01-25 07:30:00'),
(15, 14, 14, '質感很棒！', 5, '2024-01-25 07:35:00'),
(16, 15, 15, '方便攜帶！', 4, '2024-01-25 07:40:00'),
(17, 16, 16, '畫質清晰！', 5, '2024-01-25 07:45:00'),
(18, 17, 17, '坐起來很舒服！', 4, '2024-01-25 07:50:00'),
(19, 18, 18, '大螢幕！', 3, '2024-01-25 07:55:00'),
(20, 19, 19, '外型設計獨特！', 5, '2024-01-25 08:00:00'),
(21, 20, 20, '功能實用！', 4, '2024-01-25 08:05:00'),
(22, 21, 21, '舒適好穿！', 5, '2024-01-25 08:10:00'),
(23, 22, 22, '畫質非常好！', 4, '2024-01-25 08:15:00'),
(24, 23, 23, '好坐！', 3, '2024-01-25 08:20:00'),
(25, 24, 24, '超高清畫質！', 5, '2024-01-25 08:25:00'),
(26, 25, 25, '外型簡約好看！', 4, '2024-01-25 08:30:00'),
(27, 26, 26, '輕薄方便攜帶！', 5, '2024-01-25 08:35:00'),
(28, 27, 27, '降噪效果不錯！', 4, '2024-01-25 08:40:00'),
(29, 28, 28, '拍照效果很好！', 5, '2024-01-25 08:45:00'),
(30, 29, 29, '坐得很舒服！', 4, '2024-01-25 08:50:00'),
(31, 30, 30, '畫質極佳！', 3, '2024-01-25 08:55:00'),
(32, 31, 31, '遠看近用！', 5, '2024-01-25 09:00:00'),
(33, 32, 32, '方便時尚！', 4, '2024-01-25 09:05:00'),
(34, 33, 33, '文學氣息濃厚！', 5, '2024-01-25 09:10:00'),
(35, 34, 34, '咖啡香氣濃郁！', 4, '2024-01-25 09:15:00'),
(36, 35, 35, '時尚好搭配！', 3, '2024-01-25 09:20:00'),
(37, 36, 36, '適合山地騎行！', 5, '2024-01-25 09:25:00'),
(38, 37, 37, '防滑效果佳！', 4, '2024-01-25 09:30:00'),
(39, 38, 38, '淡淡香氣！', 5, '2024-01-25 09:35:00'),
(40, 39, 39, '聲波震動清潔力強！', 4, '2024-01-25 09:40:00'),
(41, 40, 40, '遮陽效果好！', 3, '2024-01-25 09:45:00'),
(42, 41, 41, '音質不錯！', 5, '2024-01-25 09:50:00'),
(43, 42, 42, '城市代步首選！', 4, '2024-01-25 09:55:00'),
(44, 43, 43, '舒適好穿！', 5, '2024-01-25 10:00:00'),
(45, 1, 1, '商品真的很讚！', 5, '2024-01-26 06:30:00'),
(46, 2, 2, '物超所值！', 4, '2024-01-26 06:35:00'),
(47, 3, 3, '滿意度100%！', 5, '2024-01-26 06:40:00'),
(48, 4, 4, '超好用！', 4, '2024-01-26 06:45:00'),
(49, 5, 5, '效果一流！', 3, '2024-01-26 06:50:00'),
(50, 6, 6, '強烈推薦！', 5, '2024-01-26 06:55:00'),
(51, 7, 7, '超級喜歡！', 4, '2024-01-26 07:00:00'),
(52, 8, 8, '絕對值得購買！', 5, '2024-01-26 07:05:00'),
(53, 9, 9, '真的很喜歡這個設計！', 3, '2024-01-26 07:10:00'),
(54, 10, 10, '質感非常好！', 4, '2024-01-26 07:15:00'),
(1, 1, 1, '測試留言1', 5, '2024-01-14 14:17:13'),
(2, 1, 1, '好棒的商品！', 5, '2024-01-25 06:30:00'),
(3, 2, 2, '性價比很高！', 4, '2024-01-25 06:35:00'),
(4, 3, 3, '喜歡這個顏色！', 5, '2024-01-25 06:40:00'),
(5, 4, 4, '很實用的設計！', 4, '2024-01-25 06:45:00'),
(6, 5, 5, '效果不錯！', 3, '2024-01-25 06:50:00'),
(7, 6, 6, '適合初學者！', 5, '2024-01-25 06:55:00'),
(8, 7, 7, '舒適度很高！', 4, '2024-01-25 07:00:00'),
(9, 8, 8, '外觀時尚！', 5, '2024-01-25 07:05:00'),
(10, 9, 9, '大小剛好！', 3, '2024-01-25 07:10:00'),
(11, 10, 10, '質感很好！', 4, '2024-01-25 07:15:00'),
(12, 11, 11, '音質一流！', 5, '2024-01-25 07:20:00'),
(13, 12, 12, '很好用的產品！', 4, '2024-01-25 07:25:00'),
(14, 13, 13, '挺好看的！', 3, '2024-01-25 07:30:00'),
(15, 14, 14, '質感很棒！', 5, '2024-01-25 07:35:00'),
(16, 15, 15, '方便攜帶！', 4, '2024-01-25 07:40:00'),
(17, 16, 16, '畫質清晰！', 5, '2024-01-25 07:45:00'),
(18, 17, 17, '坐起來很舒服！', 4, '2024-01-25 07:50:00'),
(19, 18, 18, '大螢幕！', 3, '2024-01-25 07:55:00'),
(20, 19, 19, '外型設計獨特！', 5, '2024-01-25 08:00:00'),
(21, 20, 20, '功能實用！', 4, '2024-01-25 08:05:00'),
(22, 21, 21, '舒適好穿！', 5, '2024-01-25 08:10:00'),
(23, 22, 22, '畫質非常好！', 4, '2024-01-25 08:15:00'),
(24, 23, 23, '好坐！', 3, '2024-01-25 08:20:00'),
(25, 24, 24, '超高清畫質！', 5, '2024-01-25 08:25:00'),
(26, 25, 25, '外型簡約好看！', 4, '2024-01-25 08:30:00'),
(27, 26, 26, '輕薄方便攜帶！', 5, '2024-01-25 08:35:00'),
(28, 27, 27, '降噪效果不錯！', 4, '2024-01-25 08:40:00'),
(29, 28, 28, '拍照效果很好！', 5, '2024-01-25 08:45:00'),
(30, 29, 29, '坐得很舒服！', 4, '2024-01-25 08:50:00'),
(31, 30, 30, '畫質極佳！', 3, '2024-01-25 08:55:00'),
(32, 31, 31, '遠看近用！', 5, '2024-01-25 09:00:00'),
(33, 32, 32, '方便時尚！', 4, '2024-01-25 09:05:00'),
(34, 33, 33, '文學氣息濃厚！', 5, '2024-01-25 09:10:00'),
(35, 34, 34, '咖啡香氣濃郁！', 4, '2024-01-25 09:15:00'),
(36, 35, 35, '時尚好搭配！', 3, '2024-01-25 09:20:00'),
(37, 36, 36, '適合山地騎行！', 5, '2024-01-25 09:25:00'),
(38, 37, 37, '防滑效果佳！', 4, '2024-01-25 09:30:00'),
(39, 38, 38, '淡淡香氣！', 5, '2024-01-25 09:35:00'),
(40, 39, 39, '聲波震動清潔力強！', 4, '2024-01-25 09:40:00'),
(41, 40, 40, '遮陽效果好！', 3, '2024-01-25 09:45:00'),
(42, 41, 41, '音質不錯！', 5, '2024-01-25 09:50:00'),
(43, 42, 42, '城市代步首選！', 4, '2024-01-25 09:55:00'),
(44, 43, 43, '舒適好穿！', 5, '2024-01-25 10:00:00'),
(45, 1, 1, '商品真的很讚！', 5, '2024-01-26 06:30:00'),
(46, 2, 2, '物超所值！', 4, '2024-01-26 06:35:00'),
(47, 3, 3, '滿意度100%！', 5, '2024-01-26 06:40:00'),
(48, 4, 4, '超好用！', 4, '2024-01-26 06:45:00'),
(49, 5, 5, '效果一流！', 3, '2024-01-26 06:50:00'),
(50, 6, 6, '強烈推薦！', 5, '2024-01-26 06:55:00'),
(51, 7, 7, '超級喜歡！', 4, '2024-01-26 07:00:00'),
(52, 8, 8, '絕對值得購買！', 5, '2024-01-26 07:05:00'),
(53, 9, 9, '真的很喜歡這個設計！', 3, '2024-01-26 07:10:00'),
(54, 10, 10, '質感非常好！', 4, '2024-01-26 07:15:00');

-- --------------------------------------------------------

--
-- 資料表結構 `ca_orders`
--

CREATE TABLE `ca_orders` (
  `order_id` int(11) NOT NULL,
  `total_price` int(11) NOT NULL,
  `user_id` int(11) NOT NULL,
  `email` varchar(50) NOT NULL,
  `phone` int(11) NOT NULL,
  `address` text NOT NULL,
  `payment_date` timestamp NOT NULL DEFAULT current_timestamp() ON UPDATE current_timestamp(),
  `coupon_id` int(11) DEFAULT NULL
) ENGINE=InnoDB DEFAULT CHARSET=utf8mb4 COLLATE=utf8mb4_general_ci;

--
-- 傾印資料表的資料 `ca_orders`
--

INSERT INTO `ca_orders` (`order_id`, `total_price`, `user_id`, `email`, `phone`, `address`, `payment_date`, `coupon_id`) VALUES
(1, 100, 1, 'abc@gmail.com', 911222333, '台灣省屏東縣東港鎮興漁街30號', '2024-01-24 02:58:46', NULL),
(2, 300, 2, 'alice@gmail.com', 911333444, 'xyz city', '2024-01-23 17:15:00', NULL),
(3, 180, 3, 'bob@gmail.com', 911444555, 'pqr city', '2024-01-23 17:30:00', 1),
(4, 400, 1, 'abc@gmail.com', 911222333, 'abc city', '2024-01-23 17:45:00', NULL),
(5, 120, 2, 'alice@gmail.com', 911333444, 'xyz city', '2024-01-23 18:00:00', 2),
(6, 250, 3, 'bob@gmail.com', 911444555, 'pqr city', '2024-01-23 18:15:00', NULL),
(7, 300, 1, 'abc@gmail.com', 911222333, 'abc city', '2024-01-23 18:30:00', 3),
(8, 150, 2, 'alice@gmail.com', 911333444, 'xyz city', '2024-01-23 18:45:00', NULL),
(9, 220, 3, 'bob@gmail.com', 911444555, 'pqr city', '2024-01-23 19:00:00', NULL),
(10, 180, 1, 'abc@gmail.com', 911222333, 'abc city', '2024-01-23 19:15:00', 4),
(11, 350, 2, 'alice@gmail.com', 911333444, 'xyz city', '2024-01-23 19:30:00', NULL),
(12, 280, 4, 'david@gmail.com', 911555666, 'lmn city', '2024-01-24 18:00:00', NULL),
(13, 150, 5, 'eve@gmail.com', 911666777, 'opq city', '2024-01-24 18:15:00', NULL),
(14, 200, 6, 'frank@gmail.com', 911777888, 'rst city', '2024-01-24 18:30:00', NULL),
(15, 120, 7, 'grace@gmail.com', 911888999, 'uvw city', '2024-01-24 18:45:00', NULL),
(16, 350, 8, 'henry@gmail.com', 911999000, 'xyz city', '2024-01-24 19:00:00', NULL),
(17, 180, 9, 'irene@gmail.com', 911000111, 'abc city', '2024-01-24 19:15:00', NULL),
(18, 300, 10, 'jack@gmail.com', 911111222, 'def city', '2024-01-24 19:30:00', NULL),
(19, 220, 11, 'kate@gmail.com', 911222333, 'ghi city', '2024-01-24 19:45:00', NULL),
(20, 280, 12, 'leo@gmail.com', 911333444, 'jkl city', '2024-01-24 20:00:00', NULL),
(21, 150, 13, 'mia@gmail.com', 911444555, 'mno city', '2024-01-24 20:15:00', NULL),
(22, 150, 4, 'user4@gmail.com', 911555666, 'address4', '2024-01-24 18:00:00', NULL),
(23, 200, 5, 'user5@gmail.com', 911666777, 'address5', '2024-01-24 18:15:00', NULL),
(24, 250, 6, 'user6@gmail.com', 911777888, 'address6', '2024-01-24 18:30:00', NULL),
(25, 300, 7, 'user7@gmail.com', 911888999, 'address7', '2024-01-24 18:45:00', NULL),
(26, 350, 8, 'user8@gmail.com', 911999000, 'address8', '2024-01-24 19:00:00', NULL),
(27, 400, 9, 'user9@gmail.com', 911000111, 'address9', '2024-01-24 19:15:00', NULL),
(28, 450, 10, 'user10@gmail.com', 911111222, 'address10', '2024-01-24 19:30:00', NULL),
(29, 500, 11, 'user11@gmail.com', 911222333, 'address11', '2024-01-24 19:45:00', NULL),
(30, 550, 12, 'user12@gmail.com', 911333444, 'address12', '2024-01-24 20:00:00', NULL),
(31, 600, 13, 'user13@gmail.com', 911444555, 'address13', '2024-01-24 20:15:00', NULL),
(32, 650, 14, 'user14@gmail.com', 911555666, 'address14', '2024-01-24 20:30:00', NULL),
(33, 700, 15, 'user15@gmail.com', 911666777, 'address15', '2024-01-24 20:45:00', NULL),
(34, 750, 16, 'user16@gmail.com', 911777888, 'address16', '2024-01-24 21:00:00', NULL),
(35, 800, 17, 'user17@gmail.com', 911888999, 'address17', '2024-01-24 21:15:00', NULL),
(36, 850, 18, 'user18@gmail.com', 911999000, 'address18', '2024-01-24 21:30:00', NULL),
(37, 900, 19, 'user19@gmail.com', 911000111, 'address19', '2024-01-24 21:45:00', NULL),
(38, 950, 20, 'user20@gmail.com', 911111222, 'address20', '2024-01-24 22:00:00', NULL),
(39, 1000, 1, 'user1@gmail.com', 911222333, 'address1', '2024-01-24 22:15:00', NULL),
(40, 1050, 2, 'user2@gmail.com', 911333444, 'address2', '2024-01-24 22:30:00', NULL),
(41, 1100, 3, 'user3@gmail.com', 911444555, 'address3', '2024-01-24 22:45:00', NULL),
(62, 150, 4, 'user4@gmail.com', 911555666, 'address4', '2024-01-24 18:00:00', NULL),
(63, 200, 5, 'user5@gmail.com', 911666777, 'address5', '2024-01-24 18:15:00', NULL),
(64, 250, 6, 'user6@gmail.com', 911777888, 'address6', '2024-01-24 18:30:00', 3),
(65, 300, 7, 'user7@gmail.com', 911888999, 'address7', '2024-01-24 18:45:00', NULL),
(66, 350, 8, 'user8@gmail.com', 911999000, 'address8', '2024-01-24 19:00:00', NULL),
(67, 400, 9, 'user9@gmail.com', 911000111, 'address9', '2024-01-24 19:15:00', NULL),
(68, 450, 10, 'user10@gmail.com', 911111222, 'address10', '2024-01-24 19:30:00', NULL),
(69, 500, 11, 'user11@gmail.com', 911222333, 'address11', '2024-01-24 19:45:00', NULL),
(70, 550, 12, 'user12@gmail.com', 911333444, 'address12', '2024-01-24 20:00:00', NULL),
(71, 600, 13, 'user13@gmail.com', 911444555, 'address13', '2024-01-24 20:15:00', NULL),
(72, 650, 14, 'user14@gmail.com', 911555666, 'address14', '2024-01-24 20:30:00', NULL),
(73, 700, 15, 'user15@gmail.com', 911666777, 'address15', '2024-01-24 20:45:00', NULL),
(74, 750, 16, 'user16@gmail.com', 911777888, 'address16', '2024-01-24 21:00:00', NULL),
(75, 800, 17, 'user17@gmail.com', 911888999, 'address17', '2024-01-24 21:15:00', NULL),
(76, 850, 18, 'user18@gmail.com', 911999000, 'address18', '2024-01-24 21:30:00', NULL),
(77, 900, 19, 'user19@gmail.com', 911000111, 'address19', '2024-01-24 21:45:00', NULL),
(78, 950, 20, 'user20@gmail.com', 911111222, 'address20', '2024-01-24 22:00:00', NULL),
(79, 1000, 1, 'user1@gmail.com', 911222333, 'address1', '2024-01-24 22:15:00', NULL),
(80, 1050, 2, 'user2@gmail.com', 911333444, 'address2', '2024-01-24 22:30:00', NULL),
(81, 1100, 3, 'user3@gmail.com', 911444555, 'address3', '2024-01-24 22:45:00', NULL),
(82, 12, 1, '21212', 2, '1', '2024-02-05 07:37:23', 1);

-- --------------------------------------------------------

--
-- 資料表結構 `ca_order_detail`
--

CREATE TABLE `ca_order_detail` (
  `order_detail_id` int(11) NOT NULL,
  `order_id` int(11) NOT NULL,
  `item_id` int(11) NOT NULL,
  `unit_price` int(11) NOT NULL,
  `quantity` int(11) NOT NULL,
  `user_id` int(11) NOT NULL
) ENGINE=InnoDB DEFAULT CHARSET=utf8mb4 COLLATE=utf8mb4_general_ci;

--
-- 傾印資料表的資料 `ca_order_detail`
--

INSERT INTO `ca_order_detail` (`order_detail_id`, `order_id`, `item_id`, `unit_price`, `quantity`, `user_id`) VALUES
(1, 1, 1, 10, 2, 1),
(2, 5, 7, 10, 2, 4),
(3, 1, 2, 70, 1, 1),
(4, 1, 3, 30, 3, 1),
(5, 1, 4, 100, 1, 1),
(6, 6, 5, 80, 2, 12),
(7, 1, 6, 60, 1, 1),
(8, 1, 7, 40, 2, 1),
(9, 1, 8, 90, 1, 1),
(10, 1, 9, 75, 3, 1),
(11, 1, 10, 55, 1, 1),
(12, 12, 2, 40, 3, 4),
(13, 13, 2, 90, 1, 5),
(14, 14, 2, 80, 2, 6),
(15, 15, 2, 60, 2, 7),
(16, 16, 2, 55, 1, 8),
(17, 17, 2, 400, 1, 9),
(18, 18, 2, 1500, 1, 10),
(19, 19, 2, 55, 2, 11),
(20, 20, 3, 70, 2, 12),
(21, 21, 3, 800, 1, 13),
(22, 12, 3, 30, 1, 4),
(23, 13, 3, 150, 1, 5),
(24, 14, 3, 500, 1, 6),
(25, 15, 3, 800, 1, 7),
(26, 16, 3, 223, 2, 8),
(27, 17, 3, 300, 1, 9),
(28, 18, 3, 50, 1, 10),
(29, 19, 4, 40, 3, 11),
(30, 20, 1, 1200, 1, 12),
(31, 21, 1, 20, 2, 13),
(32, 1, 1, 50, 2, 1),
(33, 2, 3, 70, 1, 2),
(34, 3, 5, 90, 3, 3),
(35, 4, 7, 110, 2, 1),
(36, 5, 9, 130, 1, 2),
(37, 6, 11, 150, 2, 3),
(38, 7, 13, 170, 1, 1),
(39, 8, 15, 190, 3, 2),
(40, 9, 17, 210, 2, 3),
(41, 10, 19, 230, 1, 1),
(42, 11, 21, 250, 2, 2),
(43, 12, 23, 270, 1, 3),
(44, 13, 25, 290, 3, 1),
(45, 14, 27, 310, 2, 2),
(46, 15, 29, 330, 1, 3),
(47, 16, 31, 350, 2, 1),
(48, 17, 33, 370, 3, 2),
(49, 18, 35, 390, 1, 3),
(50, 19, 37, 410, 2, 1),
(51, 20, 39, 430, 1, 2);

-- --------------------------------------------------------

--
-- 資料表結構 `gm_coupon`
--

CREATE TABLE `gm_coupon` (
  `coupon_id` int(11) NOT NULL,
  `coupon_model_id` varchar(30) NOT NULL,
  `denomination` int(11) NOT NULL,
  `coupon_name` varchar(255) NOT NULL
) ENGINE=InnoDB DEFAULT CHARSET=utf8mb4 COLLATE=utf8mb4_general_ci;

--
-- 傾印資料表的資料 `gm_coupon`
--

INSERT INTO `gm_coupon` (`coupon_id`, `coupon_model_id`, `denomination`, `coupon_name`) VALUES
(1, '0005dollar.obj', 5, '5 dollar coupon'),
(2, '0010dollar.fbx', 10, '10 dollar coupon'),
(3, '0020dollar.gltz', 20, '20 dollar coupon'),
(4, '0030dollar.gltz', 30, '30 dollar coupon'),
(5, '0040dollar.gltz', 40, '40 dollar coupon.'),
(6, '0050dollar.gltz', 50, '40 dollar coupon.'),
(7, '0060dollar.gltz', 60, '60 dollar coupon.'),
(8, '0070dollar.gltz', 70, '70 dollar coupon.'),
(9, '0080dollar.gltz', 80, '80 dollar coupon.'),
(10, '0090dollar.gltz', 90, '90 dollar coupon.'),
(11, '0100dollar.gltz', 100, '100 dollar coupon.'),
(12, '0120dollar.gltz', 120, '120 dollar coupon.'),
(13, '0150dollar.gltz', 150, '150 dollar coupon.'),
(14, '0180dollar.gltz', 180, '180 dollar coupon.'),
(15, '0200dollar.gltz', 200, '200 dollar coupon.');

-- --------------------------------------------------------

--
-- 資料表結構 `gm_mission`
--

CREATE TABLE `gm_mission` (
  `#` int(11) NOT NULL,
  `mission_id` varchar(20) NOT NULL,
  `mission_name` varchar(255) NOT NULL,
  `mission_description` varchar(255) NOT NULL
) ENGINE=InnoDB DEFAULT CHARSET=utf8mb4 COLLATE=utf8mb4_general_ci;

--
-- 傾印資料表的資料 `gm_mission`
--

INSERT INTO `gm_mission` (`#`, `mission_id`, `mission_name`, `mission_description`) VALUES
(1, 'mission001', 'homepage', 'Link to HomePage.'),
(2, 'mission002', 'user', 'Link to memberpage.'),
(3, 'mission003', 'Social', 'Link to social page.'),
(4, 'mission004', 'shop', 'Link to shop.'),
(5, 'mission005', 'kart', 'Link to kart.'),
(6, 'mission006', 'tour', 'Link to tour.'),
(7, 'mission007', 'live', 'Link to live.'),
(8, 'mission008', 'Edit avatar', 'You have edit your avatar.'),
(9, 'mission009', 'tic-tac-toe 01', 'Pass tic tac toe 01'),
(10, 'mission010', 'tic-tac-toe 02', 'Pass tic tac toe 02'),
(11, 'mission011', 'Done', 'You have completed all the missions');

-- --------------------------------------------------------

--
-- 資料表結構 `gm_skin`
--

CREATE TABLE `gm_skin` (
  `skin_id` int(11) NOT NULL,
  `skin_name` varchar(255) NOT NULL,
  `skin_model_id` varchar(255) NOT NULL,
  `role` varchar(255) NOT NULL,
  `file` varchar(255) DEFAULT NULL,
  `skin_last_update` timestamp NOT NULL DEFAULT current_timestamp()
) ENGINE=InnoDB DEFAULT CHARSET=utf8mb4 COLLATE=utf8mb4_general_ci;

--
-- 傾印資料表的資料 `gm_skin`
--

INSERT INTO `gm_skin` (`skin_id`, `skin_name`, `skin_model_id`, `role`, `file`, `skin_last_update`) VALUES
(3001, 'pinkie', 'pinkie.gltz', 'user_new', NULL, '2024-02-02 08:13:20'),
(3002, 'yucatan', 'yucatan.fbx', 'user_edit', NULL, '2024-02-02 08:13:20'),
(3003, 'Galette des Rois', 'Galette_des_Rois.gltz\r\n', 'user_finish', NULL, '2024-02-02 08:14:44'),
(3004, '0000', '0000.gltf', '00000000', NULL, '2024-02-05 06:42:00'),
(3005, '0000', '0000.gltf', '00000000', NULL, '2024-02-05 06:43:00');

-- --------------------------------------------------------

--
-- 資料表結構 `gm_user_achieved`
--

CREATE TABLE `gm_user_achieved` (
  `user_achieved_id` int(20) NOT NULL,
  `user_id` int(11) NOT NULL,
  `mission_id` varchar(20) NOT NULL,
  `achieved_last_update` timestamp NOT NULL DEFAULT current_timestamp()
) ENGINE=InnoDB DEFAULT CHARSET=utf8mb4 COLLATE=utf8mb4_general_ci;

--
-- 傾印資料表的資料 `gm_user_achieved`
--

INSERT INTO `gm_user_achieved` (`user_achieved_id`, `user_id`, `mission_id`, `achieved_last_update`) VALUES
(2001, 2, 'mission006', '2024-02-02 08:35:03'),
(2002, 2, 'mission010', '2024-02-02 08:35:03'),
(2003, 2, 'mission001', '2024-02-02 08:35:03'),
(2004, 2, 'mission008', '2024-02-02 08:35:03'),
(2005, 3, 'mission002', '2024-02-02 08:35:03'),
(2006, 3, 'mission006', '2024-02-02 08:35:03'),
(2007, 3, 'mission002', '2024-02-02 08:35:03'),
(2008, 3, 'mission001', '2024-02-02 08:35:03'),
(2009, 3, 'mission011', '2024-02-02 08:35:03'),
(2010, 3, 'mission006', '2024-02-02 08:35:03'),
(2011, 3, 'mission009', '2024-02-02 08:35:03'),
(2012, 1, 'mission002', '2024-02-02 08:35:03'),
(2013, 1, 'mission007', '2024-02-02 08:35:03'),
(2014, 1, 'mission006', '2024-02-02 08:35:03'),
(2015, 4, 'mission007', '2024-02-02 08:35:03'),
(2016, 4, 'mission009', '2024-02-02 08:35:03'),
(2017, 1, 'mission009', '2024-02-02 08:35:03'),
(2018, 4, 'mission006', '2024-02-02 08:35:03'),
(2019, 4, 'mission004', '2024-02-02 08:35:03'),
(2020, 2, 'mission011', '2024-02-02 08:35:03'),
(2021, 4, 'mission011', '2024-02-02 08:35:03'),
(2022, 4, 'mission009', '2024-02-02 08:35:03'),
(2023, 5, 'mission005', '2024-02-02 08:35:56'),
(2024, 5, 'mission008', '2024-02-02 08:35:56'),
(2025, 5, 'mission011', '2024-02-02 08:35:56'),
(2026, 5, 'mission010', '2024-02-02 08:35:56'),
(2027, 5, 'mission003', '2024-02-02 08:35:56'),
(2028, 5, 'mission010', '2024-02-02 08:35:56'),
(2029, 5, 'mission006', '2024-02-02 08:35:56'),
(2030, 5, 'mission010', '2024-02-02 08:35:56'),
(2031, 5, 'mission008', '2024-02-02 08:35:56'),
(2032, 5, 'mission002', '2024-02-02 08:35:56'),
(2033, 5, 'mission004', '2024-02-02 08:35:56'),
(2034, 6, 'mission005', '2024-02-02 08:35:56'),
(2035, 6, 'mission001', '2024-02-02 08:35:56'),
(2036, 6, 'mission001', '2024-02-02 08:35:56'),
(2037, 6, 'mission002', '2024-02-02 08:35:56'),
(2038, 6, 'mission007', '2024-02-02 08:35:56'),
(2039, 6, 'mission004', '2024-02-02 08:35:56'),
(2040, 6, 'mission009', '2024-02-02 08:35:56'),
(2041, 6, 'mission001', '2024-02-02 08:35:56'),
(2042, 6, 'mission001', '2024-02-02 08:35:56'),
(2043, 6, 'mission010', '2024-02-02 08:35:56'),
(2044, 7, 'mission006', '2024-02-02 08:36:18'),
(2045, 7, 'mission001', '2024-02-02 08:36:18'),
(2046, 7, 'mission011', '2024-02-02 08:36:18'),
(2047, 7, 'mission007', '2024-02-02 08:36:18'),
(2048, 7, 'mission011', '2024-02-02 08:36:18'),
(2049, 7, 'mission002', '2024-02-02 08:36:18'),
(2050, 7, 'mission009', '2024-02-02 08:36:18'),
(2051, 7, 'mission007', '2024-02-02 08:36:18'),
(2052, 8, 'mission006', '2024-02-02 08:36:18'),
(2053, 8, 'mission009', '2024-02-02 08:36:18'),
(2054, 8, 'mission004', '2024-02-02 08:36:18'),
(2055, 8, 'mission003', '2024-02-02 08:36:18'),
(2056, 8, 'mission002', '2024-02-02 08:36:18'),
(2057, 8, 'mission003', '2024-02-02 08:36:18'),
(2058, 8, 'mission007', '2024-02-02 08:36:18'),
(2059, 8, 'mission002', '2024-02-02 08:36:18'),
(2060, 9, 'mission001', '2024-02-02 08:36:18'),
(2061, 9, 'mission010', '2024-02-02 08:36:18'),
(2062, 9, 'mission003', '2024-02-02 08:36:18'),
(2063, 9, 'mission005', '2024-02-02 08:36:18'),
(2064, 9, 'mission004', '2024-02-02 08:36:18'),
(2065, 9, 'mission003', '2024-02-02 08:36:18'),
(2066, 9, 'mission004', '2024-02-02 08:36:18'),
(2067, 9, 'mission001', '2024-02-02 08:36:18'),
(2068, 9, 'mission004', '2024-02-02 08:36:18');

-- --------------------------------------------------------

--
-- 資料表結構 `gm_user_get_coupon`
--

CREATE TABLE `gm_user_get_coupon` (
  `user_id` int(11) NOT NULL,
  `user_get_coupon_id` int(11) NOT NULL,
  `coupon_id` int(8) NOT NULL,
  `last_update` timestamp NOT NULL DEFAULT current_timestamp() ON UPDATE current_timestamp()
) ENGINE=InnoDB DEFAULT CHARSET=utf8mb4 COLLATE=utf8mb4_general_ci;

--
-- 傾印資料表的資料 `gm_user_get_coupon`
--

INSERT INTO `gm_user_get_coupon` (`user_id`, `user_get_coupon_id`, `coupon_id`, `last_update`) VALUES
(1, 1005, 2, '2024-01-23 07:56:05'),
(48, 1006, 4, '2024-01-25 09:11:49'),
(27, 1007, 3, '2024-01-25 09:11:49'),
(38, 1008, 2, '2024-01-25 09:11:49'),
(28, 1009, 3, '2024-01-25 09:11:49'),
(15, 1010, 3, '2024-01-25 09:11:49'),
(41, 1011, 3, '2024-01-25 09:11:49'),
(17, 1012, 4, '2024-01-25 09:11:49'),
(52, 1013, 1, '2024-01-25 09:11:49'),
(30, 1014, 1, '2024-01-25 09:11:49'),
(20, 1015, 4, '2024-01-25 09:11:49'),
(30, 1016, 4, '2024-01-25 09:11:49'),
(31, 1017, 1, '2024-01-25 09:11:49'),
(51, 1018, 2, '2024-01-25 09:11:49'),
(18, 1019, 3, '2024-01-25 09:11:49'),
(16, 1020, 3, '2024-01-25 09:11:49'),
(16, 1021, 1, '2024-01-25 09:11:49'),
(28, 1022, 3, '2024-01-25 09:11:49'),
(29, 1023, 3, '2024-01-25 09:11:49'),
(30, 1024, 3, '2024-01-25 09:11:49'),
(42, 1025, 4, '2024-01-25 09:11:49'),
(39, 1026, 1, '2024-01-25 09:11:49'),
(17, 1027, 3, '2024-01-25 09:11:49'),
(10, 1028, 4, '2024-01-25 09:11:49'),
(48, 1029, 2, '2024-01-25 09:11:49'),
(22, 1030, 1, '2024-01-25 09:11:49'),
(25, 1031, 1, '2024-01-25 09:11:49'),
(54, 1032, 4, '2024-01-25 09:11:49'),
(51, 1033, 3, '2024-01-25 09:11:49'),
(38, 1034, 1, '2024-01-25 09:11:49'),
(39, 1035, 4, '2024-01-25 09:11:49'),
(51, 1036, 3, '2024-01-25 09:11:49'),
(39, 1037, 1, '2024-01-25 09:11:49'),
(54, 1038, 2, '2024-01-25 09:11:49'),
(49, 1039, 2, '2024-01-25 09:11:49'),
(53, 1040, 4, '2024-01-25 09:11:49'),
(24, 1041, 1, '2024-01-25 09:11:49'),
(35, 1042, 3, '2024-01-25 09:11:49'),
(52, 1043, 1, '2024-01-25 09:11:49'),
(35, 1044, 3, '2024-01-25 09:11:49'),
(33, 1045, 3, '2024-01-25 09:11:49'),
(44, 1046, 4, '2024-01-25 09:11:49'),
(49, 1047, 2, '2024-01-25 09:18:44'),
(52, 1048, 4, '2024-01-25 09:18:44'),
(13, 1049, 1, '2024-01-25 09:18:44'),
(47, 1050, 1, '2024-01-25 09:18:44'),
(28, 1051, 2, '2024-01-25 09:18:44'),
(15, 1052, 1, '2024-01-25 09:18:44'),
(44, 1053, 1, '2024-01-25 09:18:44'),
(34, 1054, 1, '2024-01-25 09:18:44'),
(23, 1055, 4, '2024-01-25 09:18:44'),
(51, 1056, 3, '2024-01-25 09:18:44'),
(48, 1057, 1, '2024-01-25 09:18:44'),
(10, 1058, 3, '2024-01-25 09:18:44'),
(22, 1059, 2, '2024-01-25 09:18:44'),
(23, 1060, 1, '2024-01-25 09:18:44'),
(16, 1061, 1, '2024-01-25 09:18:44'),
(16, 1062, 2, '2024-01-25 09:18:44'),
(24, 1063, 3, '2024-01-25 09:18:44'),
(51, 1064, 4, '2024-01-25 09:18:44'),
(31, 1065, 4, '2024-01-25 09:18:44'),
(49, 1066, 4, '2024-01-25 09:18:44'),
(29, 1067, 3, '2024-01-25 09:18:44'),
(21, 1068, 1, '2024-01-25 09:18:44'),
(15, 1069, 1, '2024-01-25 09:18:44'),
(44, 1070, 4, '2024-01-25 09:18:44'),
(36, 1071, 3, '2024-01-25 09:18:44'),
(21, 1072, 2, '2024-01-25 09:18:44'),
(27, 1073, 3, '2024-01-25 09:18:44'),
(22, 1074, 2, '2024-01-25 09:18:44'),
(49, 1075, 2, '2024-01-25 09:18:44'),
(14, 1076, 2, '2024-01-25 09:18:44'),
(1, 1005, 2, '2024-01-23 07:56:05'),
(48, 1006, 4, '2024-01-25 09:11:49'),
(27, 1007, 3, '2024-01-25 09:11:49'),
(38, 1008, 2, '2024-01-25 09:11:49'),
(28, 1009, 3, '2024-01-25 09:11:49'),
(15, 1010, 3, '2024-01-25 09:11:49'),
(41, 1011, 3, '2024-01-25 09:11:49'),
(17, 1012, 4, '2024-01-25 09:11:49'),
(52, 1013, 1, '2024-01-25 09:11:49'),
(30, 1014, 1, '2024-01-25 09:11:49'),
(20, 1015, 4, '2024-01-25 09:11:49'),
(30, 1016, 4, '2024-01-25 09:11:49'),
(31, 1017, 1, '2024-01-25 09:11:49'),
(51, 1018, 2, '2024-01-25 09:11:49'),
(18, 1019, 3, '2024-01-25 09:11:49'),
(16, 1020, 3, '2024-01-25 09:11:49'),
(16, 1021, 1, '2024-01-25 09:11:49'),
(28, 1022, 3, '2024-01-25 09:11:49'),
(29, 1023, 3, '2024-01-25 09:11:49'),
(30, 1024, 3, '2024-01-25 09:11:49'),
(42, 1025, 4, '2024-01-25 09:11:49'),
(39, 1026, 1, '2024-01-25 09:11:49'),
(17, 1027, 3, '2024-01-25 09:11:49'),
(10, 1028, 4, '2024-01-25 09:11:49'),
(48, 1029, 2, '2024-01-25 09:11:49'),
(22, 1030, 1, '2024-01-25 09:11:49'),
(25, 1031, 1, '2024-01-25 09:11:49'),
(54, 1032, 4, '2024-01-25 09:11:49'),
(51, 1033, 3, '2024-01-25 09:11:49'),
(38, 1034, 1, '2024-01-25 09:11:49'),
(39, 1035, 4, '2024-01-25 09:11:49'),
(51, 1036, 3, '2024-01-25 09:11:49'),
(39, 1037, 1, '2024-01-25 09:11:49'),
(54, 1038, 2, '2024-01-25 09:11:49'),
(49, 1039, 2, '2024-01-25 09:11:49'),
(53, 1040, 4, '2024-01-25 09:11:49'),
(24, 1041, 1, '2024-01-25 09:11:49'),
(35, 1042, 3, '2024-01-25 09:11:49'),
(52, 1043, 1, '2024-01-25 09:11:49'),
(35, 1044, 3, '2024-01-25 09:11:49'),
(33, 1045, 3, '2024-01-25 09:11:49'),
(44, 1046, 4, '2024-01-25 09:11:49'),
(49, 1047, 2, '2024-01-25 09:18:44'),
(52, 1048, 4, '2024-01-25 09:18:44'),
(13, 1049, 1, '2024-01-25 09:18:44'),
(47, 1050, 1, '2024-01-25 09:18:44'),
(28, 1051, 2, '2024-01-25 09:18:44'),
(15, 1052, 1, '2024-01-25 09:18:44'),
(44, 1053, 1, '2024-01-25 09:18:44'),
(34, 1054, 1, '2024-01-25 09:18:44'),
(23, 1055, 4, '2024-01-25 09:18:44'),
(51, 1056, 3, '2024-01-25 09:18:44'),
(48, 1057, 1, '2024-01-25 09:18:44'),
(10, 1058, 3, '2024-01-25 09:18:44'),
(22, 1059, 2, '2024-01-25 09:18:44'),
(23, 1060, 1, '2024-01-25 09:18:44'),
(16, 1061, 1, '2024-01-25 09:18:44'),
(16, 1062, 2, '2024-01-25 09:18:44'),
(24, 1063, 3, '2024-01-25 09:18:44'),
(51, 1064, 4, '2024-01-25 09:18:44'),
(31, 1065, 4, '2024-01-25 09:18:44'),
(49, 1066, 4, '2024-01-25 09:18:44'),
(29, 1067, 3, '2024-01-25 09:18:44'),
(21, 1068, 1, '2024-01-25 09:18:44'),
(15, 1069, 1, '2024-01-25 09:18:44'),
(44, 1070, 4, '2024-01-25 09:18:44'),
(36, 1071, 3, '2024-01-25 09:18:44'),
(21, 1072, 2, '2024-01-25 09:18:44'),
(27, 1073, 3, '2024-01-25 09:18:44'),
(22, 1074, 2, '2024-01-25 09:18:44'),
(49, 1075, 2, '2024-01-25 09:18:44'),
(14, 1076, 2, '2024-01-25 09:18:44'),
(1, 1005, 2, '2024-01-23 07:56:05'),
(48, 1006, 4, '2024-01-25 09:11:49'),
(27, 1007, 3, '2024-01-25 09:11:49'),
(38, 1008, 2, '2024-01-25 09:11:49'),
(28, 1009, 3, '2024-01-25 09:11:49'),
(15, 1010, 3, '2024-01-25 09:11:49'),
(41, 1011, 3, '2024-01-25 09:11:49'),
(17, 1012, 4, '2024-01-25 09:11:49'),
(52, 1013, 1, '2024-01-25 09:11:49'),
(30, 1014, 1, '2024-01-25 09:11:49'),
(20, 1015, 4, '2024-01-25 09:11:49'),
(30, 1016, 4, '2024-01-25 09:11:49'),
(31, 1017, 1, '2024-01-25 09:11:49'),
(51, 1018, 2, '2024-01-25 09:11:49'),
(18, 1019, 3, '2024-01-25 09:11:49'),
(16, 1020, 3, '2024-01-25 09:11:49'),
(16, 1021, 1, '2024-01-25 09:11:49'),
(28, 1022, 3, '2024-01-25 09:11:49'),
(29, 1023, 3, '2024-01-25 09:11:49'),
(30, 1024, 3, '2024-01-25 09:11:49'),
(42, 1025, 4, '2024-01-25 09:11:49'),
(39, 1026, 1, '2024-01-25 09:11:49'),
(17, 1027, 3, '2024-01-25 09:11:49'),
(10, 1028, 4, '2024-01-25 09:11:49'),
(48, 1029, 2, '2024-01-25 09:11:49'),
(22, 1030, 1, '2024-01-25 09:11:49'),
(25, 1031, 1, '2024-01-25 09:11:49'),
(54, 1032, 4, '2024-01-25 09:11:49'),
(51, 1033, 3, '2024-01-25 09:11:49'),
(38, 1034, 1, '2024-01-25 09:11:49'),
(39, 1035, 4, '2024-01-25 09:11:49'),
(51, 1036, 3, '2024-01-25 09:11:49'),
(39, 1037, 1, '2024-01-25 09:11:49'),
(54, 1038, 2, '2024-01-25 09:11:49'),
(49, 1039, 2, '2024-01-25 09:11:49'),
(53, 1040, 4, '2024-01-25 09:11:49'),
(24, 1041, 1, '2024-01-25 09:11:49'),
(35, 1042, 3, '2024-01-25 09:11:49'),
(52, 1043, 1, '2024-01-25 09:11:49'),
(35, 1044, 3, '2024-01-25 09:11:49'),
(33, 1045, 3, '2024-01-25 09:11:49'),
(44, 1046, 4, '2024-01-25 09:11:49'),
(49, 1047, 2, '2024-01-25 09:18:44'),
(52, 1048, 4, '2024-01-25 09:18:44'),
(13, 1049, 1, '2024-01-25 09:18:44'),
(47, 1050, 1, '2024-01-25 09:18:44'),
(28, 1051, 2, '2024-01-25 09:18:44'),
(15, 1052, 1, '2024-01-25 09:18:44'),
(44, 1053, 1, '2024-01-25 09:18:44'),
(34, 1054, 1, '2024-01-25 09:18:44'),
(23, 1055, 4, '2024-01-25 09:18:44'),
(51, 1056, 3, '2024-01-25 09:18:44'),
(48, 1057, 1, '2024-01-25 09:18:44'),
(10, 1058, 3, '2024-01-25 09:18:44'),
(22, 1059, 2, '2024-01-25 09:18:44'),
(23, 1060, 1, '2024-01-25 09:18:44'),
(16, 1061, 1, '2024-01-25 09:18:44'),
(16, 1062, 2, '2024-01-25 09:18:44'),
(24, 1063, 3, '2024-01-25 09:18:44'),
(51, 1064, 4, '2024-01-25 09:18:44'),
(31, 1065, 4, '2024-01-25 09:18:44'),
(49, 1066, 4, '2024-01-25 09:18:44'),
(29, 1067, 3, '2024-01-25 09:18:44'),
(21, 1068, 1, '2024-01-25 09:18:44'),
(15, 1069, 1, '2024-01-25 09:18:44'),
(44, 1070, 4, '2024-01-25 09:18:44'),
(36, 1071, 3, '2024-01-25 09:18:44'),
(21, 1072, 2, '2024-01-25 09:18:44'),
(27, 1073, 3, '2024-01-25 09:18:44'),
(22, 1074, 2, '2024-01-25 09:18:44'),
(49, 1075, 2, '2024-01-25 09:18:44'),
(14, 1076, 2, '2024-01-25 09:18:44'),
(33, 1006, 1, '2024-02-02 08:36:31'),
(3, 1007, 1, '2024-02-02 08:36:31'),
(41, 1008, 3, '2024-02-02 08:36:31'),
(38, 1009, 3, '2024-02-02 08:36:31'),
(4, 1010, 2, '2024-02-02 08:36:31'),
(8, 1011, 1, '2024-02-02 08:36:31'),
(28, 1012, 1, '2024-02-02 08:36:31'),
(7, 1013, 4, '2024-02-02 08:36:31'),
(29, 1014, 4, '2024-02-02 08:36:31'),
(42, 1015, 2, '2024-02-02 08:36:31'),
(43, 1016, 4, '2024-02-02 08:36:31'),
(42, 1017, 2, '2024-02-02 08:36:31'),
(12, 1018, 1, '2024-02-02 08:36:31'),
(31, 1019, 1, '2024-02-02 08:36:31'),
(40, 1020, 4, '2024-02-02 08:36:31'),
(26, 1021, 2, '2024-02-02 08:36:31'),
(15, 1022, 2, '2024-02-02 08:36:31'),
(9, 1023, 3, '2024-02-02 08:36:31'),
(38, 1024, 1, '2024-02-02 08:36:31'),
(21, 1025, 4, '2024-02-02 08:36:31'),
(16, 1026, 3, '2024-02-02 08:36:31'),
(26, 1027, 2, '2024-02-02 08:36:31'),
(1, 1028, 1, '2024-02-02 08:36:31'),
(20, 1029, 4, '2024-02-02 08:36:31'),
(4, 1030, 4, '2024-02-02 08:36:31'),
(36, 1031, 3, '2024-02-02 08:36:31'),
(17, 1032, 2, '2024-02-02 08:36:31'),
(14, 1033, 3, '2024-02-02 08:36:31'),
(23, 1034, 3, '2024-02-02 08:36:31'),
(0, 1035, 3, '2024-02-02 08:36:31'),
(27, 1036, 3, '2024-02-02 08:36:31'),
(29, 1037, 4, '2024-02-02 08:36:31'),
(41, 1038, 1, '2024-02-02 08:36:31'),
(17, 1039, 2, '2024-02-02 08:36:31'),
(10, 1040, 2, '2024-02-02 08:36:31'),
(44, 1041, 4, '2024-02-02 08:36:31'),
(21, 1042, 4, '2024-02-02 08:36:31'),
(14, 1043, 2, '2024-02-02 08:36:31'),
(43, 1044, 3, '2024-02-02 08:36:31'),
(11, 1045, 2, '2024-02-02 08:36:31'),
(19, 1046, 4, '2024-02-02 08:36:31'),
(52, 1047, 3, '2024-02-02 08:36:45'),
(51, 1048, 4, '2024-02-02 08:36:45'),
(15, 1049, 3, '2024-02-02 08:36:45'),
(18, 1050, 4, '2024-02-02 08:36:45'),
(25, 1051, 2, '2024-02-02 08:36:45'),
(50, 1052, 2, '2024-02-02 08:36:45'),
(46, 1053, 1, '2024-02-02 08:36:45'),
(28, 1054, 3, '2024-02-02 08:36:45'),
(38, 1055, 2, '2024-02-02 08:36:45'),
(23, 1056, 1, '2024-02-02 08:36:45'),
(49, 1057, 4, '2024-02-02 08:36:45'),
(15, 1058, 4, '2024-02-02 08:36:45'),
(31, 1059, 1, '2024-02-02 08:36:45'),
(13, 1060, 1, '2024-02-02 08:36:45'),
(54, 1061, 4, '2024-02-02 08:36:45'),
(25, 1062, 1, '2024-02-02 08:36:45'),
(32, 1063, 1, '2024-02-02 08:36:45'),
(31, 1064, 4, '2024-02-02 08:36:45'),
(36, 1065, 3, '2024-02-02 08:36:45'),
(48, 1066, 3, '2024-02-02 08:36:45'),
(52, 1067, 3, '2024-02-02 08:36:45'),
(25, 1068, 4, '2024-02-02 08:36:45'),
(46, 1069, 3, '2024-02-02 08:36:45'),
(23, 1070, 2, '2024-02-02 08:36:45'),
(38, 1071, 2, '2024-02-02 08:36:45'),
(25, 1072, 4, '2024-02-02 08:36:45'),
(38, 1073, 2, '2024-02-02 08:36:45'),
(12, 1074, 1, '2024-02-02 08:36:45'),
(31, 1075, 1, '2024-02-02 08:36:45'),
(40, 1076, 2, '2024-02-02 08:36:45');

-- --------------------------------------------------------

--
-- 資料表結構 `live_answer_tab`
--

CREATE TABLE `live_answer_tab` (
  `answer_id` int(255) NOT NULL,
  `user_id` int(11) NOT NULL,
  `question_id` varchar(255) NOT NULL,
  `correct_answer` varchar(255) NOT NULL
) ENGINE=InnoDB DEFAULT CHARSET=utf8mb4 COLLATE=utf8mb4_general_ci;

--
-- 傾印資料表的資料 `live_answer_tab`
--

INSERT INTO `live_answer_tab` (`answer_id`, `user_id`, `question_id`, `correct_answer`) VALUES
(1, 1, '1', 'orange'),
(2, 2, '8', '山'),
(3, 3, '14', '海洋'),
(4, 4, '6', '書'),
(5, 5, '12', '向日葵'),
(6, 6, '19', '雲'),
(7, 7, '2', '樹'),
(8, 8, '17', '狗'),
(9, 9, '10', '車'),
(10, 10, '1', '吉他'),
(11, 1, '3', '蘋果'),
(1, 1, '1', 'orange'),
(2, 2, '8', '山'),
(3, 3, '14', '海洋'),
(4, 4, '6', '書'),
(5, 5, '12', '向日葵'),
(6, 6, '19', '雲'),
(7, 7, '2', '樹'),
(8, 8, '17', '狗'),
(9, 9, '10', '車'),
(10, 10, '1', '吉他'),
(11, 1, '3', '蘋果'),
(1, 1, '1', 'orange'),
(2, 2, '8', '山'),
(3, 3, '14', '海洋'),
(4, 4, '6', '書'),
(5, 5, '12', '向日葵'),
(6, 6, '19', '雲'),
(7, 7, '2', '樹'),
(8, 8, '17', '狗'),
(9, 9, '10', '車'),
(10, 10, '1', '吉他'),
(11, 1, '3', '蘋果');

-- --------------------------------------------------------

--
-- 資料表結構 `live_get_point`
--

CREATE TABLE `live_get_point` (
  `get_point_id` int(255) NOT NULL,
  `user_id` int(11) NOT NULL,
  `received_point` int(11) NOT NULL,
  `point_source` varchar(255) NOT NULL,
  `date_get_point` timestamp NOT NULL DEFAULT current_timestamp() ON UPDATE current_timestamp()
) ENGINE=InnoDB DEFAULT CHARSET=utf8mb4 COLLATE=utf8mb4_general_ci;

--
-- 傾印資料表的資料 `live_get_point`
--

INSERT INTO `live_get_point` (`get_point_id`, `user_id`, `received_point`, `point_source`, `date_get_point`) VALUES
(1, 1, 20, '幸運中獎', '2024-02-05 04:03:57'),
(2, 1, 20, '幸運中獎', '2023-02-05 00:30:00'),
(3, 2, 30, '遊戲獲勝', '2023-02-05 01:15:00'),
(4, 3, 10, '點數回饋', '2023-02-05 02:00:00'),
(5, 4, 40, '互動獎勵', '2023-02-05 03:45:00'),
(6, 5, 100, '刷頻懲罰', '2023-02-05 04:30:00'),
(7, 6, -1000, '惡意攻擊', '2024-02-06 00:53:55'),
(8, 7, 20, '幸運中獎', '2023-02-05 06:00:00'),
(9, 8, 30, '遊戲獲勝', '2023-02-05 06:45:00'),
(10, 9, 10, '點數回饋', '2023-02-05 07:30:00'),
(11, 10, 40, '互動獎勵', '2023-02-05 08:15:00'),
(12, 11, 100, '刷頻懲罰', '2023-02-05 09:00:00'),
(13, 12, -1000, '惡意攻擊', '2024-02-06 00:53:50'),
(14, 13, 20, '幸運中獎', '2023-02-05 10:30:00'),
(15, 14, 30, '遊戲獲勝', '2023-02-05 11:15:00'),
(16, 15, 10, '點數回饋', '2023-02-05 12:00:00'),
(17, 16, 40, '互動獎勵', '2023-02-05 12:45:00'),
(18, 17, 100, '刷頻懲罰', '2023-02-05 13:30:00'),
(19, 18, -1000, '惡意攻擊', '2024-02-06 00:53:41'),
(20, 19, 20, '幸運中獎', '2023-02-05 15:00:00'),
(21, 20, 30, '遊戲獲勝', '2023-02-05 15:45:00'),
(22, 21, 10, '點數回饋', '2023-02-05 16:30:00'),
(23, 22, 40, '互動獎勵', '2023-02-05 17:15:00'),
(24, 23, 100, '刷頻懲罰', '2023-02-05 18:00:00'),
(25, 24, -1000, '惡意攻擊', '2024-02-06 00:53:46'),
(26, 25, 20, '幸運中獎', '2023-02-05 19:30:00'),
(27, 26, 30, '遊戲獲勝', '2023-02-05 20:15:00'),
(28, 27, 10, '點數回饋', '2023-02-05 21:00:00'),
(29, 28, 40, '互動獎勵', '2023-02-05 21:45:00'),
(30, 29, 100, '刷頻懲罰', '2023-02-05 22:30:00'),
(31, 30, -1000, '惡意攻擊', '2024-02-06 00:54:03'),
(32, 31, 20, '幸運中獎', '2023-02-06 00:00:00'),
(33, 32, 30, '遊戲獲勝', '2023-02-06 00:45:00'),
(34, 33, 10, '點數回饋', '2023-02-06 01:30:00'),
(35, 34, 40, '互動獎勵', '2023-02-06 02:15:00'),
(36, 35, 100, '刷頻懲罰', '2023-02-06 03:00:00'),
(37, 36, -1000, '惡意攻擊', '2024-02-06 00:54:06'),
(38, 37, 20, '幸運中獎', '2023-02-06 04:30:00'),
(39, 38, 30, '遊戲獲勝', '2023-02-06 05:15:00'),
(40, 39, 10, '點數回饋', '2023-02-06 06:00:00'),
(41, 40, 40, '互動獎勵', '2023-02-06 06:45:00'),
(42, 41, 100, '刷頻懲罰', '2023-02-06 07:30:00'),
(43, 42, -1000, '惡意攻擊', '2024-02-06 00:54:11'),
(44, 43, 20, '幸運中獎', '2023-02-06 09:00:00'),
(45, 44, 30, '遊戲獲勝', '2023-02-06 09:45:00'),
(46, 45, 10, '點數回饋', '2023-02-06 10:30:00'),
(47, 46, 40, '互動獎勵', '2023-02-06 11:15:00'),
(48, 47, 100, '刷頻懲罰', '2023-02-06 12:00:00'),
(49, 48, -1000, '惡意攻擊', '2024-02-06 00:54:14'),
(50, 49, 20, '幸運中獎', '2023-02-06 13:30:00'),
(51, 50, 30, '遊戲獲勝', '2023-02-06 14:15:00'),
(52, 111, 11, '互動獎勵', '2024-02-05 06:34:39'),
(53, 123, 1000, '管理員撒錢', '2024-02-14 00:49:52'),
(54, 123, 2000, '管理員撒錢', '2024-02-01 00:49:52'),
(55, 123, 150, '互動獎勵', '2024-02-06 00:50:51'),
(56, 122, 150, '管理員撒錢', '2024-02-06 00:51:02'),
(57, 122, 1300, '管理員撒錢', '2024-02-01 00:51:05'),
(58, 122, 1300, '管理員撒錢', '2024-02-01 00:51:05');

-- --------------------------------------------------------

--
-- 資料表結構 `live_gift_shop`
--

CREATE TABLE `live_gift_shop` (
  `gift_shop_id` int(255) NOT NULL,
  `user_id` int(11) NOT NULL,
  `item_id` int(11) NOT NULL,
  `purchase_date` timestamp NOT NULL DEFAULT current_timestamp() ON UPDATE current_timestamp(),
  `purchase_time` timestamp NOT NULL DEFAULT current_timestamp(),
  `streamer_id` int(11) NOT NULL
) ENGINE=InnoDB DEFAULT CHARSET=utf8mb4 COLLATE=utf8mb4_general_ci;

--
-- 傾印資料表的資料 `live_gift_shop`
--

INSERT INTO `live_gift_shop` (`gift_shop_id`, `user_id`, `item_id`, `purchase_date`, `purchase_time`, `streamer_id`) VALUES
(1, 1, 5, '2024-01-24 16:00:00', '2024-01-25 00:00:00', 3),
(2, 2, 6, '2024-01-25 16:00:00', '2024-01-26 01:30:00', 2),
(3, 3, 7, '2024-01-31 16:00:00', '2024-02-01 03:45:00', 1),
(4, 4, 8, '2024-02-04 16:00:00', '2024-02-05 05:20:00', 4),
(5, 5, 9, '2024-02-09 16:00:00', '2024-02-10 07:10:00', 5),
(6, 6, 5, '2024-02-14 16:00:00', '2024-02-15 09:30:00', 2),
(7, 7, 6, '2024-02-19 16:00:00', '2024-02-20 11:40:00', 3),
(8, 8, 7, '2024-02-24 16:00:00', '2024-02-25 13:15:00', 1),
(9, 9, 8, '2024-02-29 16:00:00', '2024-03-01 15:05:00', 4),
(10, 10, 9, '2024-03-04 16:00:00', '2024-03-04 17:25:00', 5),
(11, 11, 5, '2024-03-09 16:00:00', '2024-03-09 19:45:00', 1),
(12, 12, 6, '2024-03-14 16:00:00', '2024-03-14 22:00:00', 2),
(13, 13, 7, '2024-03-19 16:00:00', '2024-03-20 00:15:00', 3),
(14, 14, 8, '2024-03-24 16:00:00', '2024-03-25 02:30:00', 4),
(15, 15, 9, '2024-03-29 16:00:00', '2024-03-30 04:45:00', 1),
(16, 16, 5, '2024-04-03 16:00:00', '2024-04-04 07:00:00', 2),
(17, 17, 6, '2024-04-08 16:00:00', '2024-04-09 09:15:00', 3),
(18, 18, 7, '2024-04-13 16:00:00', '2024-04-14 11:30:00', 4),
(19, 19, 8, '2024-04-18 16:00:00', '2024-04-19 13:45:00', 5),
(20, 20, 9, '2024-04-23 16:00:00', '2024-04-24 15:55:00', 1),
(21, 21, 5, '2024-04-28 16:00:00', '2024-04-28 18:10:00', 2),
(22, 22, 6, '2024-05-03 16:00:00', '2024-05-03 20:25:00', 3),
(23, 23, 7, '2024-05-08 16:00:00', '2024-05-08 22:40:00', 4),
(24, 24, 8, '2024-05-13 16:00:00', '2024-05-14 00:55:00', 5),
(25, 25, 9, '2024-05-18 16:00:00', '2024-05-19 03:10:00', 1),
(26, 26, 5, '2024-05-23 16:00:00', '2024-05-24 05:25:00', 2),
(27, 27, 6, '2024-05-28 16:00:00', '2024-05-29 07:40:00', 3),
(28, 28, 7, '2024-06-02 16:00:00', '2024-06-03 09:55:00', 4),
(29, 29, 8, '2024-06-07 16:00:00', '2024-06-08 12:10:00', 5),
(30, 30, 9, '2024-06-12 16:00:00', '2024-06-13 14:25:00', 1),
(31, 31, 5, '2024-06-17 16:00:00', '2024-06-17 16:40:00', 2),
(32, 32, 6, '2024-06-22 16:00:00', '2024-06-22 19:00:00', 3),
(33, 33, 7, '2024-06-27 16:00:00', '2024-06-27 21:15:00', 4),
(34, 34, 8, '2024-07-02 16:00:00', '2024-07-02 23:30:00', 5),
(35, 35, 9, '2024-07-07 16:00:00', '2024-07-08 01:45:00', 1),
(36, 36, 5, '2024-07-12 16:00:00', '2024-07-13 04:00:00', 2),
(37, 37, 6, '2024-07-17 16:00:00', '2024-07-18 06:15:00', 3),
(38, 38, 7, '2024-07-22 16:00:00', '2024-07-23 08:30:00', 4),
(39, 39, 8, '2024-07-27 16:00:00', '2024-07-28 10:45:00', 5),
(40, 40, 9, '2024-08-01 16:00:00', '2024-08-02 13:00:00', 1),
(41, 41, 5, '2024-08-06 16:00:00', '2024-08-07 15:15:00', 2),
(42, 42, 6, '2024-08-11 16:00:00', '2024-08-11 17:30:00', 3),
(43, 43, 7, '2024-08-16 16:00:00', '2024-08-16 19:45:00', 4),
(44, 44, 8, '2024-08-21 16:00:00', '2024-08-21 22:00:00', 5),
(45, 45, 9, '2024-08-26 16:00:00', '2024-08-27 00:15:00', 1),
(46, 46, 5, '2024-08-31 16:00:00', '2024-09-01 02:30:00', 2),
(47, 47, 6, '2024-09-05 16:00:00', '2024-09-06 04:45:00', 3),
(48, 48, 7, '2024-09-10 16:00:00', '2024-09-11 07:00:00', 4),
(49, 49, 8, '2024-09-15 16:00:00', '2024-09-16 09:15:00', 5),
(50, 50, 9, '2024-09-20 16:00:00', '2024-09-21 11:30:00', 1),
(1, 1, 5, '2024-01-24 16:00:00', '2024-01-25 00:00:00', 3),
(2, 2, 6, '2024-01-25 16:00:00', '2024-01-26 01:30:00', 2),
(3, 3, 7, '2024-01-31 16:00:00', '2024-02-01 03:45:00', 1),
(4, 4, 8, '2024-02-04 16:00:00', '2024-02-05 05:20:00', 4),
(5, 5, 9, '2024-02-09 16:00:00', '2024-02-10 07:10:00', 5),
(6, 6, 5, '2024-02-14 16:00:00', '2024-02-15 09:30:00', 2),
(7, 7, 6, '2024-02-19 16:00:00', '2024-02-20 11:40:00', 3),
(8, 8, 7, '2024-02-24 16:00:00', '2024-02-25 13:15:00', 1),
(9, 9, 8, '2024-02-29 16:00:00', '2024-03-01 15:05:00', 4),
(10, 10, 9, '2024-03-04 16:00:00', '2024-03-04 17:25:00', 5),
(11, 11, 5, '2024-03-09 16:00:00', '2024-03-09 19:45:00', 1),
(12, 12, 6, '2024-03-14 16:00:00', '2024-03-14 22:00:00', 2),
(13, 13, 7, '2024-03-19 16:00:00', '2024-03-20 00:15:00', 3),
(14, 14, 8, '2024-03-24 16:00:00', '2024-03-25 02:30:00', 4),
(15, 15, 9, '2024-03-29 16:00:00', '2024-03-30 04:45:00', 1),
(16, 16, 5, '2024-04-03 16:00:00', '2024-04-04 07:00:00', 2),
(17, 17, 6, '2024-04-08 16:00:00', '2024-04-09 09:15:00', 3),
(18, 18, 7, '2024-04-13 16:00:00', '2024-04-14 11:30:00', 4),
(19, 19, 8, '2024-04-18 16:00:00', '2024-04-19 13:45:00', 5),
(20, 20, 9, '2024-04-23 16:00:00', '2024-04-24 15:55:00', 1),
(21, 21, 5, '2024-04-28 16:00:00', '2024-04-28 18:10:00', 2),
(22, 22, 6, '2024-05-03 16:00:00', '2024-05-03 20:25:00', 3),
(23, 23, 7, '2024-05-08 16:00:00', '2024-05-08 22:40:00', 4),
(24, 24, 8, '2024-05-13 16:00:00', '2024-05-14 00:55:00', 5),
(25, 25, 9, '2024-05-18 16:00:00', '2024-05-19 03:10:00', 1),
(26, 26, 5, '2024-05-23 16:00:00', '2024-05-24 05:25:00', 2),
(27, 27, 6, '2024-05-28 16:00:00', '2024-05-29 07:40:00', 3),
(28, 28, 7, '2024-06-02 16:00:00', '2024-06-03 09:55:00', 4),
(29, 29, 8, '2024-06-07 16:00:00', '2024-06-08 12:10:00', 5),
(30, 30, 9, '2024-06-12 16:00:00', '2024-06-13 14:25:00', 1),
(31, 31, 5, '2024-06-17 16:00:00', '2024-06-17 16:40:00', 2),
(32, 32, 6, '2024-06-22 16:00:00', '2024-06-22 19:00:00', 3),
(33, 33, 7, '2024-06-27 16:00:00', '2024-06-27 21:15:00', 4),
(34, 34, 8, '2024-07-02 16:00:00', '2024-07-02 23:30:00', 5),
(35, 35, 9, '2024-07-07 16:00:00', '2024-07-08 01:45:00', 1),
(36, 36, 5, '2024-07-12 16:00:00', '2024-07-13 04:00:00', 2),
(37, 37, 6, '2024-07-17 16:00:00', '2024-07-18 06:15:00', 3),
(38, 38, 7, '2024-07-22 16:00:00', '2024-07-23 08:30:00', 4),
(39, 39, 8, '2024-07-27 16:00:00', '2024-07-28 10:45:00', 5),
(40, 40, 9, '2024-08-01 16:00:00', '2024-08-02 13:00:00', 1),
(41, 41, 5, '2024-08-06 16:00:00', '2024-08-07 15:15:00', 2),
(42, 42, 6, '2024-08-11 16:00:00', '2024-08-11 17:30:00', 3),
(43, 43, 7, '2024-08-16 16:00:00', '2024-08-16 19:45:00', 4),
(44, 44, 8, '2024-08-21 16:00:00', '2024-08-21 22:00:00', 5),
(45, 45, 9, '2024-08-26 16:00:00', '2024-08-27 00:15:00', 1),
(46, 46, 5, '2024-08-31 16:00:00', '2024-09-01 02:30:00', 2),
(47, 47, 6, '2024-09-05 16:00:00', '2024-09-06 04:45:00', 3),
(48, 48, 7, '2024-09-10 16:00:00', '2024-09-11 07:00:00', 4),
(49, 49, 8, '2024-09-15 16:00:00', '2024-09-16 09:15:00', 5),
(50, 50, 9, '2024-09-20 16:00:00', '2024-09-21 11:30:00', 1),
(1, 1, 5, '2024-01-24 16:00:00', '2024-01-25 00:00:00', 3),
(2, 2, 6, '2024-01-25 16:00:00', '2024-01-26 01:30:00', 2),
(3, 3, 7, '2024-01-31 16:00:00', '2024-02-01 03:45:00', 1),
(4, 4, 8, '2024-02-04 16:00:00', '2024-02-05 05:20:00', 4),
(5, 5, 9, '2024-02-09 16:00:00', '2024-02-10 07:10:00', 5),
(6, 6, 5, '2024-02-14 16:00:00', '2024-02-15 09:30:00', 2),
(7, 7, 6, '2024-02-19 16:00:00', '2024-02-20 11:40:00', 3),
(8, 8, 7, '2024-02-24 16:00:00', '2024-02-25 13:15:00', 1),
(9, 9, 8, '2024-02-29 16:00:00', '2024-03-01 15:05:00', 4),
(10, 10, 9, '2024-03-04 16:00:00', '2024-03-04 17:25:00', 5),
(11, 11, 5, '2024-03-09 16:00:00', '2024-03-09 19:45:00', 1),
(12, 12, 6, '2024-03-14 16:00:00', '2024-03-14 22:00:00', 2),
(13, 13, 7, '2024-03-19 16:00:00', '2024-03-20 00:15:00', 3),
(14, 14, 8, '2024-03-24 16:00:00', '2024-03-25 02:30:00', 4),
(15, 15, 9, '2024-03-29 16:00:00', '2024-03-30 04:45:00', 1),
(16, 16, 5, '2024-04-03 16:00:00', '2024-04-04 07:00:00', 2),
(17, 17, 6, '2024-04-08 16:00:00', '2024-04-09 09:15:00', 3),
(18, 18, 7, '2024-04-13 16:00:00', '2024-04-14 11:30:00', 4),
(19, 19, 8, '2024-04-18 16:00:00', '2024-04-19 13:45:00', 5),
(20, 20, 9, '2024-04-23 16:00:00', '2024-04-24 15:55:00', 1),
(21, 21, 5, '2024-04-28 16:00:00', '2024-04-28 18:10:00', 2),
(22, 22, 6, '2024-05-03 16:00:00', '2024-05-03 20:25:00', 3),
(23, 23, 7, '2024-05-08 16:00:00', '2024-05-08 22:40:00', 4),
(24, 24, 8, '2024-05-13 16:00:00', '2024-05-14 00:55:00', 5),
(25, 25, 9, '2024-05-18 16:00:00', '2024-05-19 03:10:00', 1),
(26, 26, 5, '2024-05-23 16:00:00', '2024-05-24 05:25:00', 2),
(27, 27, 6, '2024-05-28 16:00:00', '2024-05-29 07:40:00', 3),
(28, 28, 7, '2024-06-02 16:00:00', '2024-06-03 09:55:00', 4),
(29, 29, 8, '2024-06-07 16:00:00', '2024-06-08 12:10:00', 5),
(30, 30, 9, '2024-06-12 16:00:00', '2024-06-13 14:25:00', 1),
(31, 31, 5, '2024-06-17 16:00:00', '2024-06-17 16:40:00', 2),
(32, 32, 6, '2024-06-22 16:00:00', '2024-06-22 19:00:00', 3),
(33, 33, 7, '2024-06-27 16:00:00', '2024-06-27 21:15:00', 4),
(34, 34, 8, '2024-07-02 16:00:00', '2024-07-02 23:30:00', 5),
(35, 35, 9, '2024-07-07 16:00:00', '2024-07-08 01:45:00', 1),
(36, 36, 5, '2024-07-12 16:00:00', '2024-07-13 04:00:00', 2),
(37, 37, 6, '2024-07-17 16:00:00', '2024-07-18 06:15:00', 3),
(38, 38, 7, '2024-07-22 16:00:00', '2024-07-23 08:30:00', 4),
(39, 39, 8, '2024-07-27 16:00:00', '2024-07-28 10:45:00', 5),
(40, 40, 9, '2024-08-01 16:00:00', '2024-08-02 13:00:00', 1),
(41, 41, 5, '2024-08-06 16:00:00', '2024-08-07 15:15:00', 2),
(42, 42, 6, '2024-08-11 16:00:00', '2024-08-11 17:30:00', 3),
(43, 43, 7, '2024-08-16 16:00:00', '2024-08-16 19:45:00', 4),
(44, 44, 8, '2024-08-21 16:00:00', '2024-08-21 22:00:00', 5),
(45, 45, 9, '2024-08-26 16:00:00', '2024-08-27 00:15:00', 1),
(46, 46, 5, '2024-08-31 16:00:00', '2024-09-01 02:30:00', 2),
(47, 47, 6, '2024-09-05 16:00:00', '2024-09-06 04:45:00', 3),
(48, 48, 7, '2024-09-10 16:00:00', '2024-09-11 07:00:00', 4),
(49, 49, 8, '2024-09-15 16:00:00', '2024-09-16 09:15:00', 5),
(50, 50, 9, '2024-09-20 16:00:00', '2024-09-21 11:30:00', 1);

-- --------------------------------------------------------

--
-- 資料表結構 `live_question_tab`
--

CREATE TABLE `live_question_tab` (
  `question_id` varchar(255) NOT NULL,
  `streamer_id` int(11) NOT NULL,
  `question_title` varchar(255) NOT NULL,
  `choice_a` varchar(255) NOT NULL,
  `choice_b` varchar(255) NOT NULL,
  `correct_answer` varchar(255) NOT NULL,
  `winning_point` int(11) NOT NULL,
  `question_end_time` timestamp NOT NULL DEFAULT current_timestamp() ON UPDATE current_timestamp()
) ENGINE=InnoDB DEFAULT CHARSET=utf8mb4 COLLATE=utf8mb4_general_ci;

--
-- 傾印資料表的資料 `live_question_tab`
--

INSERT INTO `live_question_tab` (`question_id`, `streamer_id`, `question_title`, `choice_a`, `choice_b`, `correct_answer`, `winning_point`, `question_end_time`) VALUES
('1', 1, 'what is my favorite fruit?', 'orange', 'banana', 'orange', 12, '2024-01-17 09:05:19'),
('10', 5, '哪個是一個星座？', '獅子', '大象', '獅子', 30, '2024-12-31 15:59:59'),
('11', 1, '下面哪個是一種飲料？', '花朵', '咖啡', '咖啡', 40, '2024-12-31 15:59:59'),
('12', 2, '哪個是一個國家？', '月球', '加拿大', '加拿大', 50, '2024-12-31 15:59:59'),
('13', 3, '什麼是世界上最大的洋？', '太平洋', '大西洋', '太平洋', 15, '2024-12-31 15:59:59'),
('14', 4, '哪個是一種動物？', '書本', '獅子', '獅子', 20, '2024-12-31 15:59:59'),
('15', 5, '下面哪個是一種蔬菜？', '電視', '西蘭花', '西蘭花', 10, '2024-12-31 15:59:59'),
('16', 1, '哪個是一種顏色？', '雨傘', '綠色', '綠色', 30, '2024-12-31 15:59:59'),
('17', 2, '什麼是一種樂器？', '手機', '吉他', '吉他', 40, '2024-12-31 15:59:59'),
('18', 3, '哪個是一個星期的第一天？', '星期四', '星期一', '星期一', 50, '2024-12-31 15:59:59'),
('19', 4, '下面哪個是一個節日？', '電影', '聖誕節', '聖誕節', 15, '2024-12-31 15:59:59'),
('2', 2, '下面哪個是四季？', '樹木', '春夏秋冬', '春夏秋冬', 20, '2024-12-31 15:59:59'),
('20', 5, '什麼是一種車輛？', '月亮', '自行車', '自行車', 20, '2024-12-31 15:59:00'),
('21', 1, '什麼是花朵的顏色？', '紅色', '藍色', '紅色', 15, '2024-12-31 15:59:59'),
('3', 3, '哪個動物有長長的象牙？', '大象', '貓咪', '大象', 10, '2024-12-31 15:59:59'),
('4', 4, '什麼是世界上最高的山脈？', '喜馬拉雅山', '阿爾卑斯山', '喜馬拉雅山', 30, '2024-12-31 15:59:59'),
('5', 5, '下面哪個是一種水果？', '桌子', '蘋果', '蘋果', 40, '2024-12-31 15:59:59'),
('6', 1, '什麼是飛行器？', '汽車', '飛機', '飛機', 50, '2024-12-31 15:59:59'),
('7', 2, '下面哪個是一種花？', '香蕉', '玫瑰', '玫瑰', 15, '2024-12-31 15:59:59'),
('8', 3, '哪一個是中國的首都？', '東京', '北京', '北京', 20, '2024-12-31 15:59:59'),
('9', 4, '什麼是太陽系的中心？', '地球', '太陽', '太陽', 10, '2024-12-31 15:59:59'),
('1', 1, 'what is my favorite fruit?', 'orange', 'banana', 'orange', 12, '2024-01-17 09:05:19'),
('10', 5, '哪個是一個星座？', '獅子', '大象', '獅子', 30, '2024-12-31 15:59:59'),
('11', 1, '下面哪個是一種飲料？', '花朵', '咖啡', '咖啡', 40, '2024-12-31 15:59:59'),
('12', 2, '哪個是一個國家？', '月球', '加拿大', '加拿大', 50, '2024-12-31 15:59:59'),
('13', 3, '什麼是世界上最大的洋？', '太平洋', '大西洋', '太平洋', 15, '2024-12-31 15:59:59'),
('14', 4, '哪個是一種動物？', '書本', '獅子', '獅子', 20, '2024-12-31 15:59:59'),
('15', 5, '下面哪個是一種蔬菜？', '電視', '西蘭花', '西蘭花', 10, '2024-12-31 15:59:59'),
('16', 1, '哪個是一種顏色？', '雨傘', '綠色', '綠色', 30, '2024-12-31 15:59:59'),
('17', 2, '什麼是一種樂器？', '手機', '吉他', '吉他', 40, '2024-12-31 15:59:59'),
('18', 3, '哪個是一個星期的第一天？', '星期四', '星期一', '星期一', 50, '2024-12-31 15:59:59'),
('19', 4, '下面哪個是一個節日？', '電影', '聖誕節', '聖誕節', 15, '2024-12-31 15:59:59'),
('2', 2, '下面哪個是四季？', '樹木', '春夏秋冬', '春夏秋冬', 20, '2024-12-31 15:59:59'),
('20', 5, '什麼是一種車輛？', '月亮', '自行車', '自行車', 20, '2024-12-31 15:59:00'),
('21', 1, '什麼是花朵的顏色？', '紅色', '藍色', '紅色', 15, '2024-12-31 15:59:59'),
('3', 3, '哪個動物有長長的象牙？', '大象', '貓咪', '大象', 10, '2024-12-31 15:59:59'),
('4', 4, '什麼是世界上最高的山脈？', '喜馬拉雅山', '阿爾卑斯山', '喜馬拉雅山', 30, '2024-12-31 15:59:59'),
('5', 5, '下面哪個是一種水果？', '桌子', '蘋果', '蘋果', 40, '2024-12-31 15:59:59'),
('6', 1, '什麼是飛行器？', '汽車', '飛機', '飛機', 50, '2024-12-31 15:59:59'),
('7', 2, '下面哪個是一種花？', '香蕉', '玫瑰', '玫瑰', 15, '2024-12-31 15:59:59'),
('8', 3, '哪一個是中國的首都？', '東京', '北京', '北京', 20, '2024-12-31 15:59:59'),
('9', 4, '什麼是太陽系的中心？', '地球', '太陽', '太陽', 10, '2024-12-31 15:59:59'),
('1', 1, 'what is my favorite fruit?', 'orange', 'banana', 'orange', 12, '2024-01-17 09:05:19'),
('10', 5, '哪個是一個星座？', '獅子', '大象', '獅子', 30, '2024-12-31 15:59:59'),
('11', 1, '下面哪個是一種飲料？', '花朵', '咖啡', '咖啡', 40, '2024-12-31 15:59:59'),
('12', 2, '哪個是一個國家？', '月球', '加拿大', '加拿大', 50, '2024-12-31 15:59:59'),
('13', 3, '什麼是世界上最大的洋？', '太平洋', '大西洋', '太平洋', 15, '2024-12-31 15:59:59'),
('14', 4, '哪個是一種動物？', '書本', '獅子', '獅子', 20, '2024-12-31 15:59:59'),
('15', 5, '下面哪個是一種蔬菜？', '電視', '西蘭花', '西蘭花', 10, '2024-12-31 15:59:59'),
('16', 1, '哪個是一種顏色？', '雨傘', '綠色', '綠色', 30, '2024-12-31 15:59:59'),
('17', 2, '什麼是一種樂器？', '手機', '吉他', '吉他', 40, '2024-12-31 15:59:59'),
('18', 3, '哪個是一個星期的第一天？', '星期四', '星期一', '星期一', 50, '2024-12-31 15:59:59'),
('19', 4, '下面哪個是一個節日？', '電影', '聖誕節', '聖誕節', 15, '2024-12-31 15:59:59'),
('2', 2, '下面哪個是四季？', '樹木', '春夏秋冬', '春夏秋冬', 20, '2024-12-31 15:59:59'),
('20', 5, '什麼是一種車輛？', '月亮', '自行車', '自行車', 20, '2024-12-31 15:59:00'),
('21', 1, '什麼是花朵的顏色？', '紅色', '藍色', '紅色', 15, '2024-12-31 15:59:59'),
('3', 3, '哪個動物有長長的象牙？', '大象', '貓咪', '大象', 10, '2024-12-31 15:59:59'),
('4', 4, '什麼是世界上最高的山脈？', '喜馬拉雅山', '阿爾卑斯山', '喜馬拉雅山', 30, '2024-12-31 15:59:59'),
('5', 5, '下面哪個是一種水果？', '桌子', '蘋果', '蘋果', 40, '2024-12-31 15:59:59'),
('6', 1, '什麼是飛行器？', '汽車', '飛機', '飛機', 50, '2024-12-31 15:59:59'),
('7', 2, '下面哪個是一種花？', '香蕉', '玫瑰', '玫瑰', 15, '2024-12-31 15:59:59'),
('8', 3, '哪一個是中國的首都？', '東京', '北京', '北京', 20, '2024-12-31 15:59:59'),
('9', 4, '什麼是太陽系的中心？', '地球', '太陽', '太陽', 10, '2024-12-31 15:59:59');

-- --------------------------------------------------------

--
-- 資料表結構 `live_sticker_inventory`
--

CREATE TABLE `live_sticker_inventory` (
  `sticker_inventory_id` int(255) NOT NULL,
  `sticker_title` varchar(255) NOT NULL,
  `sticker_cost` int(11) NOT NULL,
  `sticker_pic` varchar(255) NOT NULL
) ENGINE=InnoDB DEFAULT CHARSET=utf8mb4 COLLATE=utf8mb4_general_ci;

--
-- 傾印資料表的資料 `live_sticker_inventory`
--

INSERT INTO `live_sticker_inventory` (`sticker_inventory_id`, `sticker_title`, `sticker_cost`, `sticker_pic`) VALUES
(1, '香蕉貓貓', 10, 'banana_cat.jpeg'),
(2, '再吵？', 20, 'amazon.jpeg'),
(3, 'you are not my father, and you never WILL', 30, 'cry_woman.jpeg'),
(4, 'when you steal firedragon egg in ArK', 40, 'get_nose.jpeg'),
(5, 'me in midterm', 50, 'jibye.jpeg'),
(6, 'when i watched haikyuu!', 60, 'love.jpeg'),
(7, '當老闆交代我事情', 70, 'parttime.jpeg'),
(8, '嚇鼠', 80, 'scared_mouse.jpeg'),
(9, '信不信我一掌扇死你', 90, 'slap.jpeg'),
(14, '貓貓', 45, 'banana_cat.jpeg'),
(15, '貓', 450, 'banana_cat.jpeg'),
(16, '西裝貓貓', 60, 'tux_cat.jpeg'),
(17, '貓貓', 1200, 'tux_cat.jpeg');

-- --------------------------------------------------------

--
-- 資料表結構 `live_sticker_shop`
--

CREATE TABLE `live_sticker_shop` (
  `sticker_shop_id` int(255) NOT NULL,
  `user_id` int(11) NOT NULL,
  `sticker_purchase_nums` int(11) NOT NULL,
  `sticker_purchase_time` timestamp NOT NULL DEFAULT current_timestamp() ON UPDATE current_timestamp()
) ENGINE=InnoDB DEFAULT CHARSET=utf8mb4 COLLATE=utf8mb4_general_ci;

--
-- 傾印資料表的資料 `live_sticker_shop`
--

INSERT INTO `live_sticker_shop` (`sticker_shop_id`, `user_id`, `sticker_purchase_nums`, `sticker_purchase_time`) VALUES
(1, 1, 12, '2024-01-23 07:14:33'),
(2, 1, 5, '2024-01-25 00:00:00'),
(3, 2, 8, '2024-01-26 01:30:00'),
(4, 3, 3, '2024-02-01 03:45:00'),
(5, 4, 6, '2024-02-05 05:20:00'),
(6, 5, 10, '2024-02-10 07:10:00'),
(7, 6, 2, '2024-02-15 09:30:00'),
(8, 7, 7, '2024-02-20 11:40:00'),
(9, 8, 4, '2024-02-25 13:15:00'),
(10, 9, 9, '2024-03-01 15:05:00'),
(11, 10, 12, '2024-03-04 17:25:00'),
(12, 11, 8, '2024-03-09 19:45:00'),
(13, 12, 3, '2024-03-14 22:00:00'),
(14, 13, 5, '2024-03-20 00:15:00'),
(15, 14, 7, '2024-03-25 02:30:00'),
(16, 15, 10, '2024-03-30 04:45:00'),
(17, 16, 13, '2024-04-04 07:00:00'),
(18, 17, 6, '2024-04-09 09:15:00'),
(19, 18, 9, '2024-04-14 11:30:00'),
(20, 19, 11, '2024-04-19 13:45:00'),
(21, 20, 15, '2024-04-24 15:55:00'),
(22, 21, 12, '2024-04-28 18:10:00'),
(23, 22, 5, '2024-05-03 20:25:00'),
(24, 23, 6, '2024-05-08 22:40:00'),
(25, 24, 8, '2024-05-14 00:55:00'),
(26, 25, 10, '2024-05-19 03:10:00'),
(27, 26, 15, '2024-05-24 05:25:00'),
(28, 27, 18, '2024-05-29 07:40:00'),
(29, 28, 22, '2024-06-03 09:55:00'),
(30, 29, 19, '2024-06-08 12:10:00'),
(31, 30, 14, '2024-06-13 14:25:00'),
(32, 31, 8, '2024-06-17 16:40:00'),
(33, 32, 11, '2024-06-22 19:00:00'),
(34, 33, 13, '2024-06-27 21:15:00'),
(35, 34, 15, '2024-07-02 23:30:00'),
(36, 35, 17, '2024-07-08 01:45:00'),
(37, 36, 20, '2024-07-13 04:00:00'),
(38, 37, 23, '2024-07-18 06:15:00'),
(39, 38, 25, '2024-07-23 08:30:00'),
(40, 39, 28, '2024-07-28 10:45:00'),
(41, 40, 30, '2024-08-02 13:00:00'),
(42, 41, 8, '2024-08-07 15:15:00'),
(43, 42, 10, '2024-08-11 17:30:00'),
(44, 43, 14, '2024-08-16 19:45:00'),
(45, 44, 18, '2024-08-21 22:00:00'),
(46, 45, 22, '2024-08-27 00:15:00'),
(47, 46, 25, '2024-09-01 02:30:00'),
(48, 47, 28, '2024-09-06 04:45:00'),
(49, 48, 30, '2024-09-11 07:00:00'),
(50, 49, 33, '2024-09-16 09:15:00'),
(51, 50, 36, '2024-09-21 11:30:00'),
(1, 1, 12, '2024-01-23 07:14:33'),
(2, 1, 5, '2024-01-25 00:00:00'),
(3, 2, 8, '2024-01-26 01:30:00'),
(4, 3, 3, '2024-02-01 03:45:00'),
(5, 4, 6, '2024-02-05 05:20:00'),
(6, 5, 10, '2024-02-10 07:10:00'),
(7, 6, 2, '2024-02-15 09:30:00'),
(8, 7, 7, '2024-02-20 11:40:00'),
(9, 8, 4, '2024-02-25 13:15:00'),
(10, 9, 9, '2024-03-01 15:05:00'),
(11, 10, 12, '2024-03-04 17:25:00'),
(12, 11, 8, '2024-03-09 19:45:00'),
(13, 12, 3, '2024-03-14 22:00:00'),
(14, 13, 5, '2024-03-20 00:15:00'),
(15, 14, 7, '2024-03-25 02:30:00'),
(16, 15, 10, '2024-03-30 04:45:00'),
(17, 16, 13, '2024-04-04 07:00:00'),
(18, 17, 6, '2024-04-09 09:15:00'),
(19, 18, 9, '2024-04-14 11:30:00'),
(20, 19, 11, '2024-04-19 13:45:00'),
(21, 20, 15, '2024-04-24 15:55:00'),
(22, 21, 12, '2024-04-28 18:10:00'),
(23, 22, 5, '2024-05-03 20:25:00'),
(24, 23, 6, '2024-05-08 22:40:00'),
(25, 24, 8, '2024-05-14 00:55:00'),
(26, 25, 10, '2024-05-19 03:10:00'),
(27, 26, 15, '2024-05-24 05:25:00'),
(28, 27, 18, '2024-05-29 07:40:00'),
(29, 28, 22, '2024-06-03 09:55:00'),
(30, 29, 19, '2024-06-08 12:10:00'),
(31, 30, 14, '2024-06-13 14:25:00'),
(32, 31, 8, '2024-06-17 16:40:00'),
(33, 32, 11, '2024-06-22 19:00:00'),
(34, 33, 13, '2024-06-27 21:15:00'),
(35, 34, 15, '2024-07-02 23:30:00'),
(36, 35, 17, '2024-07-08 01:45:00'),
(37, 36, 20, '2024-07-13 04:00:00'),
(38, 37, 23, '2024-07-18 06:15:00'),
(39, 38, 25, '2024-07-23 08:30:00'),
(40, 39, 28, '2024-07-28 10:45:00'),
(41, 40, 30, '2024-08-02 13:00:00'),
(42, 41, 8, '2024-08-07 15:15:00'),
(43, 42, 10, '2024-08-11 17:30:00'),
(44, 43, 14, '2024-08-16 19:45:00'),
(45, 44, 18, '2024-08-21 22:00:00'),
(46, 45, 22, '2024-08-27 00:15:00'),
(47, 46, 25, '2024-09-01 02:30:00'),
(48, 47, 28, '2024-09-06 04:45:00'),
(49, 48, 30, '2024-09-11 07:00:00'),
(50, 49, 33, '2024-09-16 09:15:00'),
(51, 50, 36, '2024-09-21 11:30:00'),
(1, 1, 12, '2024-01-23 07:14:33'),
(2, 1, 5, '2024-01-25 00:00:00'),
(3, 2, 8, '2024-01-26 01:30:00'),
(4, 3, 3, '2024-02-01 03:45:00'),
(5, 4, 6, '2024-02-05 05:20:00'),
(6, 5, 10, '2024-02-10 07:10:00'),
(7, 6, 2, '2024-02-15 09:30:00'),
(8, 7, 7, '2024-02-20 11:40:00'),
(9, 8, 4, '2024-02-25 13:15:00'),
(10, 9, 9, '2024-03-01 15:05:00'),
(11, 10, 12, '2024-03-04 17:25:00'),
(12, 11, 8, '2024-03-09 19:45:00'),
(13, 12, 3, '2024-03-14 22:00:00'),
(14, 13, 5, '2024-03-20 00:15:00'),
(15, 14, 7, '2024-03-25 02:30:00'),
(16, 15, 10, '2024-03-30 04:45:00'),
(17, 16, 13, '2024-04-04 07:00:00'),
(18, 17, 6, '2024-04-09 09:15:00'),
(19, 18, 9, '2024-04-14 11:30:00'),
(20, 19, 11, '2024-04-19 13:45:00'),
(21, 20, 15, '2024-04-24 15:55:00'),
(22, 21, 12, '2024-04-28 18:10:00'),
(23, 22, 5, '2024-05-03 20:25:00'),
(24, 23, 6, '2024-05-08 22:40:00'),
(25, 24, 8, '2024-05-14 00:55:00'),
(26, 25, 10, '2024-05-19 03:10:00'),
(27, 26, 15, '2024-05-24 05:25:00'),
(28, 27, 18, '2024-05-29 07:40:00'),
(29, 28, 22, '2024-06-03 09:55:00'),
(30, 29, 19, '2024-06-08 12:10:00'),
(31, 30, 14, '2024-06-13 14:25:00'),
(32, 31, 8, '2024-06-17 16:40:00'),
(33, 32, 11, '2024-06-22 19:00:00'),
(34, 33, 13, '2024-06-27 21:15:00'),
(35, 34, 15, '2024-07-02 23:30:00'),
(36, 35, 17, '2024-07-08 01:45:00'),
(37, 36, 20, '2024-07-13 04:00:00'),
(38, 37, 23, '2024-07-18 06:15:00'),
(39, 38, 25, '2024-07-23 08:30:00'),
(40, 39, 28, '2024-07-28 10:45:00'),
(41, 40, 30, '2024-08-02 13:00:00'),
(42, 41, 8, '2024-08-07 15:15:00'),
(43, 42, 10, '2024-08-11 17:30:00'),
(44, 43, 14, '2024-08-16 19:45:00'),
(45, 44, 18, '2024-08-21 22:00:00'),
(46, 45, 22, '2024-08-27 00:15:00'),
(47, 46, 25, '2024-09-01 02:30:00'),
(48, 47, 28, '2024-09-06 04:45:00'),
(49, 48, 30, '2024-09-11 07:00:00'),
(50, 49, 33, '2024-09-16 09:15:00'),
(51, 50, 36, '2024-09-21 11:30:00');

-- --------------------------------------------------------

--
-- 資料表結構 `live_use_point`
--

CREATE TABLE `live_use_point` (
  `use_point_id` int(255) NOT NULL,
  `user_id` int(11) NOT NULL,
  `used_point` int(11) NOT NULL,
  `sticker_id` varchar(255) NOT NULL,
  `date_use_point` timestamp NOT NULL DEFAULT current_timestamp() ON UPDATE current_timestamp()
) ENGINE=InnoDB DEFAULT CHARSET=utf8mb4 COLLATE=utf8mb4_general_ci;

--
-- 傾印資料表的資料 `live_use_point`
--

INSERT INTO `live_use_point` (`use_point_id`, `user_id`, `used_point`, `sticker_id`, `date_use_point`) VALUES
(1, 1, 10, '1', '2024-01-23 07:13:54'),
(2, 1, 10, '1', '2024-01-24 16:00:00'),
(3, 2, 20, '2', '2024-01-25 16:00:00'),
(4, 3, 15, '3', '2024-01-31 16:00:00'),
(5, 4, 25, '4', '2024-02-04 16:00:00'),
(6, 5, 18, '5', '2024-02-09 16:00:00'),
(7, 6, 22, '6', '2024-02-14 16:00:00'),
(8, 7, 12, '7', '2024-02-19 16:00:00'),
(9, 8, 28, '8', '2024-02-24 16:00:00'),
(10, 9, 14, '9', '2024-02-29 16:00:00'),
(11, 10, 30, '10', '2024-03-04 16:00:00'),
(12, 11, 23, '11', '2024-03-09 16:00:00'),
(13, 12, 17, '12', '2024-03-14 16:00:00'),
(14, 13, 31, '13', '2024-03-19 16:00:00'),
(15, 14, 19, '14', '2024-03-24 16:00:00'),
(16, 15, 27, '15', '2024-03-29 16:00:00'),
(17, 16, 13, '16', '2024-04-03 16:00:00'),
(18, 17, 29, '17', '2024-04-08 16:00:00'),
(19, 18, 16, '18', '2024-04-13 16:00:00'),
(20, 19, 24, '19', '2024-04-18 16:00:00'),
(21, 20, 32, '20', '2024-04-23 16:00:00'),
(22, 21, 25, '21', '2024-04-28 16:00:00'),
(23, 22, 21, '22', '2024-05-03 16:00:00'),
(24, 23, 26, '23', '2024-05-08 16:00:00'),
(25, 24, 28, '24', '2024-05-13 16:00:00'),
(26, 25, 30, '25', '2024-05-18 16:00:00'),
(27, 26, 15, '26', '2024-05-23 16:00:00'),
(28, 27, 18, '27', '2024-05-28 16:00:00'),
(29, 28, 22, '28', '2024-06-02 16:00:00'),
(30, 29, 19, '29', '2024-06-07 16:00:00'),
(31, 30, 14, '30', '2024-06-12 16:00:00'),
(32, 31, 23, '31', '2024-06-17 16:00:00'),
(33, 32, 17, '32', '2024-06-22 16:00:00'),
(34, 33, 31, '33', '2024-06-27 16:00:00'),
(35, 34, 19, '34', '2024-07-02 16:00:00'),
(36, 35, 27, '35', '2024-07-07 16:00:00'),
(37, 36, 13, '36', '2024-07-12 16:00:00'),
(38, 37, 29, '37', '2024-07-17 16:00:00'),
(39, 38, 16, '38', '2024-07-22 16:00:00'),
(40, 39, 24, '39', '2024-07-27 16:00:00'),
(41, 40, 32, '40', '2024-08-01 16:00:00'),
(42, 41, 23, '41', '2024-08-06 16:00:00'),
(43, 42, 17, '42', '2024-08-11 16:00:00'),
(44, 43, 31, '43', '2024-08-16 16:00:00'),
(45, 44, 19, '44', '2024-08-21 16:00:00'),
(46, 45, 27, '45', '2024-08-26 16:00:00'),
(47, 46, 13, '46', '2024-08-31 16:00:00'),
(48, 47, 29, '47', '2024-09-05 16:00:00'),
(49, 48, 16, '48', '2024-09-10 16:00:00'),
(50, 49, 24, '49', '2024-09-15 16:00:00'),
(51, 50, 32, '50', '2024-09-20 16:00:00'),
(1, 1, 10, '1', '2024-01-23 07:13:54'),
(2, 1, 10, '1', '2024-01-24 16:00:00'),
(3, 2, 20, '2', '2024-01-25 16:00:00'),
(4, 3, 15, '3', '2024-01-31 16:00:00'),
(5, 4, 25, '4', '2024-02-04 16:00:00'),
(6, 5, 18, '5', '2024-02-09 16:00:00'),
(7, 6, 22, '6', '2024-02-14 16:00:00'),
(8, 7, 12, '7', '2024-02-19 16:00:00'),
(9, 8, 28, '8', '2024-02-24 16:00:00'),
(10, 9, 14, '9', '2024-02-29 16:00:00'),
(11, 10, 30, '10', '2024-03-04 16:00:00'),
(12, 11, 23, '11', '2024-03-09 16:00:00'),
(13, 12, 17, '12', '2024-03-14 16:00:00'),
(14, 13, 31, '13', '2024-03-19 16:00:00'),
(15, 14, 19, '14', '2024-03-24 16:00:00'),
(16, 15, 27, '15', '2024-03-29 16:00:00'),
(17, 16, 13, '16', '2024-04-03 16:00:00'),
(18, 17, 29, '17', '2024-04-08 16:00:00'),
(19, 18, 16, '18', '2024-04-13 16:00:00'),
(20, 19, 24, '19', '2024-04-18 16:00:00'),
(21, 20, 32, '20', '2024-04-23 16:00:00'),
(22, 21, 25, '21', '2024-04-28 16:00:00'),
(23, 22, 21, '22', '2024-05-03 16:00:00'),
(24, 23, 26, '23', '2024-05-08 16:00:00'),
(25, 24, 28, '24', '2024-05-13 16:00:00'),
(26, 25, 30, '25', '2024-05-18 16:00:00'),
(27, 26, 15, '26', '2024-05-23 16:00:00'),
(28, 27, 18, '27', '2024-05-28 16:00:00'),
(29, 28, 22, '28', '2024-06-02 16:00:00'),
(30, 29, 19, '29', '2024-06-07 16:00:00'),
(31, 30, 14, '30', '2024-06-12 16:00:00'),
(32, 31, 23, '31', '2024-06-17 16:00:00'),
(33, 32, 17, '32', '2024-06-22 16:00:00'),
(34, 33, 31, '33', '2024-06-27 16:00:00'),
(35, 34, 19, '34', '2024-07-02 16:00:00'),
(36, 35, 27, '35', '2024-07-07 16:00:00'),
(37, 36, 13, '36', '2024-07-12 16:00:00'),
(38, 37, 29, '37', '2024-07-17 16:00:00'),
(39, 38, 16, '38', '2024-07-22 16:00:00'),
(40, 39, 24, '39', '2024-07-27 16:00:00'),
(41, 40, 32, '40', '2024-08-01 16:00:00'),
(42, 41, 23, '41', '2024-08-06 16:00:00'),
(43, 42, 17, '42', '2024-08-11 16:00:00'),
(44, 43, 31, '43', '2024-08-16 16:00:00'),
(45, 44, 19, '44', '2024-08-21 16:00:00'),
(46, 45, 27, '45', '2024-08-26 16:00:00'),
(47, 46, 13, '46', '2024-08-31 16:00:00'),
(48, 47, 29, '47', '2024-09-05 16:00:00'),
(49, 48, 16, '48', '2024-09-10 16:00:00'),
(50, 49, 24, '49', '2024-09-15 16:00:00'),
(51, 50, 32, '50', '2024-09-20 16:00:00'),
(1, 1, 10, '1', '2024-01-23 07:13:54'),
(2, 1, 10, '1', '2024-01-24 16:00:00'),
(3, 2, 20, '2', '2024-01-25 16:00:00'),
(4, 3, 15, '3', '2024-01-31 16:00:00'),
(5, 4, 25, '4', '2024-02-04 16:00:00'),
(6, 5, 18, '5', '2024-02-09 16:00:00'),
(7, 6, 22, '6', '2024-02-14 16:00:00'),
(8, 7, 12, '7', '2024-02-19 16:00:00'),
(9, 8, 28, '8', '2024-02-24 16:00:00'),
(10, 9, 14, '9', '2024-02-29 16:00:00'),
(11, 10, 30, '10', '2024-03-04 16:00:00'),
(12, 11, 23, '11', '2024-03-09 16:00:00'),
(13, 12, 17, '12', '2024-03-14 16:00:00'),
(14, 13, 31, '13', '2024-03-19 16:00:00'),
(15, 14, 19, '14', '2024-03-24 16:00:00'),
(16, 15, 27, '15', '2024-03-29 16:00:00'),
(17, 16, 13, '16', '2024-04-03 16:00:00'),
(18, 17, 29, '17', '2024-04-08 16:00:00'),
(19, 18, 16, '18', '2024-04-13 16:00:00'),
(20, 19, 24, '19', '2024-04-18 16:00:00'),
(21, 20, 32, '20', '2024-04-23 16:00:00'),
(22, 21, 25, '21', '2024-04-28 16:00:00'),
(23, 22, 21, '22', '2024-05-03 16:00:00'),
(24, 23, 26, '23', '2024-05-08 16:00:00'),
(25, 24, 28, '24', '2024-05-13 16:00:00'),
(26, 25, 30, '25', '2024-05-18 16:00:00'),
(27, 26, 15, '26', '2024-05-23 16:00:00'),
(28, 27, 18, '27', '2024-05-28 16:00:00'),
(29, 28, 22, '28', '2024-06-02 16:00:00'),
(30, 29, 19, '29', '2024-06-07 16:00:00'),
(31, 30, 14, '30', '2024-06-12 16:00:00'),
(32, 31, 23, '31', '2024-06-17 16:00:00'),
(33, 32, 17, '32', '2024-06-22 16:00:00'),
(34, 33, 31, '33', '2024-06-27 16:00:00'),
(35, 34, 19, '34', '2024-07-02 16:00:00'),
(36, 35, 27, '35', '2024-07-07 16:00:00'),
(37, 36, 13, '36', '2024-07-12 16:00:00'),
(38, 37, 29, '37', '2024-07-17 16:00:00'),
(39, 38, 16, '38', '2024-07-22 16:00:00'),
(40, 39, 24, '39', '2024-07-27 16:00:00'),
(41, 40, 32, '40', '2024-08-01 16:00:00'),
(42, 41, 23, '41', '2024-08-06 16:00:00'),
(43, 42, 17, '42', '2024-08-11 16:00:00'),
(44, 43, 31, '43', '2024-08-16 16:00:00'),
(45, 44, 19, '44', '2024-08-21 16:00:00'),
(46, 45, 27, '45', '2024-08-26 16:00:00'),
(47, 46, 13, '46', '2024-08-31 16:00:00'),
(48, 47, 29, '47', '2024-09-05 16:00:00'),
(49, 48, 16, '48', '2024-09-10 16:00:00'),
(50, 49, 24, '49', '2024-09-15 16:00:00'),
(51, 50, 32, '50', '2024-09-20 16:00:00');

-- --------------------------------------------------------

--
-- 資料表結構 `mb_activity_log`
--

CREATE TABLE `mb_activity_log` (
  `id` int(11) NOT NULL,
  `fk_team_member_id` int(11) NOT NULL,
  `activity_type` varchar(255) NOT NULL,
  `created_at` timestamp NOT NULL DEFAULT current_timestamp()
) ENGINE=InnoDB DEFAULT CHARSET=utf8mb4 COLLATE=utf8mb4_general_ci;

--
-- 傾印資料表的資料 `mb_activity_log`
--

INSERT INTO `mb_activity_log` (`id`, `fk_team_member_id`, `activity_type`, `created_at`) VALUES
(1, 1, 'data update', '2024-01-16 09:17:39');

-- --------------------------------------------------------

--
-- 資料表結構 `mb_permission`
--

CREATE TABLE `mb_permission` (
  `permission_id` int(11) NOT NULL,
  `role` varchar(255) NOT NULL,
  `description` text DEFAULT NULL
) ENGINE=InnoDB DEFAULT CHARSET=utf8mb4 COLLATE=utf8mb4_general_ci;

--
-- 傾印資料表的資料 `mb_permission`
--

INSERT INTO `mb_permission` (`permission_id`, `role`, `description`) VALUES
(1, 'Admin', 'Full access to all system functionalities'),
(2, 'Moderator', 'Moderate and manage user interactions'),
(3, 'Viewer', 'View content and interact with basic features');

-- --------------------------------------------------------

--
-- 資料表結構 `mb_session`
--

CREATE TABLE `mb_session` (
  `session_id` int(11) NOT NULL,
  `fk_user_id` int(11) NOT NULL,
  `token` varchar(255) NOT NULL,
  `expiry_time` datetime DEFAULT NULL,
  `connection_info` longtext CHARACTER SET utf8mb4 COLLATE utf8mb4_bin DEFAULT NULL CHECK (json_valid(`connection_info`)),
  `created_at` timestamp NOT NULL DEFAULT current_timestamp(),
  `updated_at` timestamp NOT NULL DEFAULT current_timestamp()
) ENGINE=InnoDB DEFAULT CHARSET=utf8mb4 COLLATE=utf8mb4_general_ci;

--
-- 傾印資料表的資料 `mb_session`
--

INSERT INTO `mb_session` (`session_id`, `fk_user_id`, `token`, `expiry_time`, `connection_info`, `created_at`, `updated_at`) VALUES
(1, 1, 'abcd1234', '2024-01-10 08:00:00', '{\"ip\": \"192.168.0.1\", \"browser\": \"Chrome\"}', '2024-01-16 09:24:14', '2024-01-16 09:24:14'),
(2, 2, 'efgh5678', '2024-01-11 12:30:00', '{\"ip\": \"192.168.0.2\", \"browser\": \"Firefox\"}', '2024-01-16 09:24:14', '2024-01-16 09:24:14');

-- --------------------------------------------------------

--
-- 資料表結構 `mb_social_users`
--

CREATE TABLE `mb_social_users` (
  `id` int(11) NOT NULL,
  `social_id` varchar(50) NOT NULL,
  `email` varchar(100) NOT NULL,
  `display_name` varchar(100) NOT NULL,
  `profile_picture_url` varchar(255) DEFAULT NULL,
  `authentication_method` varchar(20) NOT NULL,
  `fk_user_id` int(11) DEFAULT NULL,
  `fk_skin_id` int(11) DEFAULT NULL
) ENGINE=InnoDB DEFAULT CHARSET=utf8mb4 COLLATE=utf8mb4_general_ci;

-- --------------------------------------------------------

--
-- 資料表結構 `mb_team_member`
--

CREATE TABLE `mb_team_member` (
  `id` int(11) NOT NULL,
  `user_name` varchar(255) NOT NULL,
  `password_hash` varchar(255) NOT NULL,
  `fk_permission_id` int(11) DEFAULT NULL,
  `created_at` timestamp NOT NULL DEFAULT current_timestamp()
) ENGINE=InnoDB DEFAULT CHARSET=utf8mb4 COLLATE=utf8mb4_general_ci;

--
-- 傾印資料表的資料 `mb_team_member`
--

INSERT INTO `mb_team_member` (`id`, `user_name`, `password_hash`, `fk_permission_id`, `created_at`) VALUES
(1, 'Kevin', '$2y$10$4rkbTbvSx/YSFzAKgPGwNunGlKwDkfYUDta98G4SNtrzoo7Vxu1xC', 1, '2024-01-14 17:56:32'),
(2, 'Linda', '$2y$10$4rkbTbvSx/YSFzAKgPGwNunGlKwDkfYUDta98G4SNtrzoo7Vxu1xC', 1, '2024-02-04 10:39:55'),
(3, 'Guest', '$2y$10$4rkbTbvSx/YSFzAKgPGwNunGlKwDkfYUDta98G4SNtrzoo7Vxu1xC', 2, '2024-02-05 01:01:21'),
(4, 'Tyler', '$2y$10$4rkbTbvSx/YSFzAKgPGwNunGlKwDkfYUDta98G4SNtrzoo7Vxu1xC', 1, '2024-02-05 17:04:25'),
(5, 'Johnny', '$2y$10$4rkbTbvSx/YSFzAKgPGwNunGlKwDkfYUDta98G4SNtrzoo7Vxu1xC', 1, '2024-02-05 17:04:25'),
(6, 'Tony', '$2y$10$4rkbTbvSx/YSFzAKgPGwNunGlKwDkfYUDta98G4SNtrzoo7Vxu1xC', 1, '2024-02-05 17:04:25'),
(7, 'Ellie', '$2y$10$4rkbTbvSx/YSFzAKgPGwNunGlKwDkfYUDta98G4SNtrzoo7Vxu1xC', 1, '2024-02-05 17:04:25');

-- --------------------------------------------------------

--
-- 資料表結構 `mb_user`
--

CREATE TABLE `mb_user` (
  `user_id` int(11) NOT NULL,
  `name` varchar(255) NOT NULL,
  `email` varchar(255) NOT NULL,
  `phone` varchar(20) DEFAULT NULL,
  `password_hash` varchar(255) NOT NULL,
  `profile_pic_url` varchar(255) DEFAULT NULL,
  `birthday` date DEFAULT NULL,
  `created_at` timestamp NOT NULL DEFAULT current_timestamp(),
  `fk_skin_id` int(11) DEFAULT NULL
) ENGINE=InnoDB DEFAULT CHARSET=utf8mb4 COLLATE=utf8mb4_general_ci;

--
-- 傾印資料表的資料 `mb_user`
--

INSERT INTO `mb_user` (`user_id`, `name`, `email`, `phone`, `password_hash`, `profile_pic_url`, `birthday`, `created_at`, `fk_skin_id`) VALUES
(1, 'John Doe', 'john@example.com', '+1234567890', 'hashed_password_here', 'profile_pic_url_here', '1990-01-15', '2024-01-09 20:30:00', 3001),
(2, 'Jane Doe', 'jane@example.com', NULL, 'hashed_password_here', 'profile_pic_url_here', '1985-05-20', '2024-01-09 21:45:00', 3002),
(3, 'Bob Smith', 'bob@example.com', '+9876543210', 'hashed_password_here', NULL, '1978-08-08', '2024-01-09 22:15:00', 3001),
(4, 'Grace Taylor', 'grace_taylor@example.com', '+1789012345', 'hashed_password_30', 'profile_pic_url_30', '1991-02-10', '2024-01-22 23:42:45', 3002),
(5, 'Liam Johnson', 'liam_johnson@example.com', '+1890123456', 'hashed_password_31', 'profile_pic_url_31', '1982-11-25', '2024-01-22 23:43:30', 3001),
(6, 'John Doe', 'john1@example.com', '+1234557890', 'hashed_password_here', 'profile_pic_url_here', '1990-01-15', '2024-01-22 23:38:48', 3001),
(7, 'Liam Turner', 'liam@example.com', '+1432109876', 'hashed_password_18', 'profile_pic_url_18', '1995-04-08', '2024-01-22 23:38:48', 3002),
(8, 'Ella Adams', 'ella@example.com', '+1209876543', 'hashed_password_19', 'profile_pic_url_19', '1987-10-12', '2024-01-22 23:38:48', 3001),
(9, 'Noah Mitchell', 'noah@example.com', '+1987654321', 'hashed_password_20', 'profile_pic_url_20', '1992-01-30', '2024-01-22 23:38:48', 3002),
(10, 'Mia Turner', 'mia@example.com', '+1765432109', 'hashed_password_21', 'profile_pic_url_21', '1984-06-18', '2024-01-22 23:38:48', 3001),
(11, 'Ethan Carterr', 'ethan@example.com', '0909588566', 'hashed_password_22', 'profile_pic_url_22', '1999-11-04', '2024-01-22 23:38:48', 3002),
(12, 'Aria Evans', 'aria@example.com', '+1321098765', 'hashed_password_23', 'profile_pic_url_23', '1986-03-26', '2024-01-22 23:38:48', 3001),
(13, 'Carter Hall', 'carter@example.com', '+1098765432', 'hashed_password_24', 'profile_pic_url_24', '1994-08-13', '2024-01-22 23:38:48', 3002),
(14, 'Luna Martinez', 'luna@example.com', '+1876543210', 'hashed_password_25', 'profile_pic_url_25', '1990-12-01', '2024-01-22 23:38:48', 3001),
(15, 'Mason Scott', 'mason@example.com', '+1654321098', 'hashed_password_26', 'profile_pic_url_26', '1997-02-28', '2024-01-22 23:38:48', 3002),
(16, 'Mia Davis', 'mia_davis@example.com', '+1901234567', 'hashed_password_32', 'profile_pic_url_32', '1998-06-18', '2024-01-22 23:44:15', 3002),
(17, 'Noah Smith', 'noah_smith@example.com', '+2012345678', 'hashed_password_33', 'profile_pic_url_33', '1994-01-23', '2024-01-22 23:45:00', 3001),
(18, 'Olivia Turner', 'olivia_turner@example.com', '+2123456789', 'hashed_password_34', 'profile_pic_url_34', '1987-08-14', '2024-01-22 23:45:45', 3002),
(19, 'John Doe', 'john27@example.com', '+1234557880', 'hashed_password_here', 'profile_pic_url_here', '1990-01-15', '2024-01-22 23:39:18', 3001),
(20, 'Sophia King', 'sophia@example.com', '+1456789012', 'hashed_password_27', 'profile_pic_url_27', '1993-09-22', '2024-01-22 23:40:30', 3001),
(21, 'Henry Wilson', 'henry@example.com', '+1567890123', 'hashed_password_28', 'profile_pic_url_28', '1989-07-14', '2024-01-22 23:41:15', 3002),
(22, 'Ava Brown', 'ava@example.com', '+1678901234', 'hashed_password_29', 'profile_pic_url_29', '1996-12-07', '2024-01-22 23:42:00', 3001),
(23, 'John Doe', 'jo457hn27@example.com', '+12347880', 'hashed_password_here', 'profile_pic_url_here', '1990-01-15', '2024-01-22 23:39:58', 3001),
(24, 'Liam Turner', 'lam@example.com', '+1132109876', 'hashed_password_18', 'profile_pic_url_18', '1995-04-08', '2024-01-22 23:39:58', 3002),
(25, 'Elijah Hall', 'elijah_hall@example.com', '+2234567890', 'hashed_password_35', 'profile_pic_url_35', '1992-05-07', '2024-01-22 23:46:30', 3001),
(26, 'Lily Scott', 'lily_scott@example.com', '+2345678901', 'hashed_password_36', 'profile_pic_url_36', '1983-01-24', '2024-01-22 23:47:15', 3002),
(27, 'Aiden Martinez', 'aiden_martinez@example.com', '+2456789012', 'hashed_password_37', 'profile_pic_url_37', '1996-10-19', '2024-01-22 23:48:00', 3001),
(28, 'Zoey Turner', 'zoey_turner@example.com', '+2567890123', 'hashed_password_38', 'profile_pic_url_38', '1985-07-26', '2024-01-22 23:48:45', 3002),
(29, 'Jackson Reed', 'jackson_reed@example.com', '+2678901234', 'hashed_password_39', 'profile_pic_url_39', '1999-02-28', '2024-01-22 23:49:30', 3001),
(30, 'Sofia Johnson', 'sofia_johnson@example.com', '+2789012345', 'hashed_password_40', 'profile_pic_url_40', '1990-08-15', '2024-01-22 23:50:15', 3002),
(31, 'Evelyn Adams', 'evelyn_adams@example.com', '+12345678902', 'hashed_password_41', 'profile_pic_url_41', '1995-05-12', '2024-01-23 00:30:00', 3001),
(32, 'Matthew Turner', 'matthew_turner@example.com', '+23456789013', 'hashed_password_42', 'profile_pic_url_42', '1988-12-25', '2024-01-23 00:45:00', 3002),
(33, 'Chloe Wilson', 'chloe_wilson@example.com', '+34567890124', 'hashed_password_43', 'profile_pic_url_43', '1997-07-08', '2024-01-23 01:00:00', 3001),
(34, 'Daniel Reed', 'daniel_reed@example.com', '+45678901235', 'hashed_password_44', 'profile_pic_url_44', '1982-02-01', '2024-01-23 01:15:00', 3002),
(35, 'Grace Carter', 'grace_carter@example.com', '+56789012346', 'hashed_password_45', 'profile_pic_url_45', '1993-09-16', '2024-01-23 01:30:00', 3001),
(36, 'Michael Hall', 'michael_hall@example.com', '+67890123457', 'hashed_password_46', 'profile_pic_url_46', '1986-04-29', '2024-01-23 01:45:00', 3002),
(37, 'Lily Martinez', 'lily_martinez@example.com', '+78901234568', 'hashed_password_47', 'profile_pic_url_47', '1991-11-12', '2024-01-23 02:00:00', 3001),
(38, 'Jack Scott', 'jack_scott@example.com', '+89012345679', 'hashed_password_48', 'profile_pic_url_48', '1984-06-25', '2024-01-23 02:15:00', 3002),
(39, 'Sophia Turner', 'sophia_turner@example.com', '+90123456780', 'hashed_password_49', 'profile_pic_url_49', '1998-01-30', '2024-01-23 02:30:00', 3001),
(40, 'William Johnson', 'william_johnson@example.com', '+12345678903', 'hashed_password_50', 'profile_pic_url_50', '1989-08-13', '2024-01-23 02:45:00', 3002),
(41, 'Emily Davis', 'emily_davis@example.com', '+23456789014', 'hashed_password_51', 'profile_pic_url_51', '1995-03-26', '2024-01-23 03:00:00', 3001),
(42, 'Oliver Smith', 'oliver_smith@example.com', '+34567890125', 'hashed_password_52', 'profile_pic_url_52', '1980-10-09', '2024-01-23 03:15:00', 3002),
(43, 'Ava Adams', 'ava_adams@example.com', '+45678901236', 'hashed_password_53', 'profile_pic_url_53', '1992-05-02', '2024-01-23 03:30:00', 3001),
(44, 'James Mitchell', 'james_mitchell@example.com', '+56789012347', 'hashed_password_54', 'profile_pic_url_54', '1983-12-15', '2024-01-23 03:45:00', 3002),
(45, 'Emma Brown', 'emma_brown@example.com', '+67890123458', 'hashed_password_55', 'profile_pic_url_55', '1997-07-28', '2024-01-23 04:00:00', 3001),
(46, 'Daniel Turner', 'daniel_turner@example.com', '+78901234569', 'hashed_password_56', 'profile_pic_url_56', '1984-02-10', '2024-01-23 04:15:00', 3002),
(47, 'Olivia Hall', 'olivia_hall@example.com', '+89012345670', 'hashed_password_57', 'profile_pic_url_57', '1990-09-23', '2024-01-23 04:30:00', 3001),
(48, 'Ethan Martinez', 'ethan_martinez@example.com', '+90123456781', 'hashed_password_58', 'profile_pic_url_58', '1994-04-07', '2024-01-23 04:45:00', 3002),
(49, 'Isabella Scott', 'isabella_scott@example.com', '+12345678904', 'hashed_password_59', 'profile_pic_url_59', '1988-01-20', '2024-01-23 05:00:00', 3001),
(50, 'Benjamin Johnson', 'benjamin_johnson@example.com', '+23456789015', 'hashed_password_60', 'profile_pic_url_60', '1996-06-03', '2024-01-23 05:15:00', 3002),
(51, 'Aria Turner', 'aria_turner@example.com', '+34567890126', 'hashed_password_61', 'profile_pic_url_61', '1982-11-16', '2024-01-23 05:30:00', 3001),
(52, 'Mason Davis', 'mason_davis@example.com', '+45678901237', 'hashed_password_62', 'profile_pic_url_62', '1995-04-05', '2024-01-23 05:45:00', 3002),
(53, 'Liam Wilson', 'liam_wilson@example.com', '+56789012348', 'hashed_password_63', 'profile_pic_url_63', '1993-08-18', '2024-01-23 06:00:00', 3001),
(54, 'Ava Turner', 'ava_turner@example.com', '0912234344', 'hashed_password_64', 'profile_pic_url_64', '1986-01-30', '2024-01-23 06:15:00', 3003),
(57, 'Jane', 'JaneExample@gmail.com', '0912234345', 'hashed_pass', 'profile_url', '2000-04-07', '2024-02-03 17:37:40', NULL),
(58, 'Jake', 'jake01@example.com', '09123456789', '$2y$10$abcdefghijklmnopqrstuvwx.yz012345678', NULL, '1990-01-01', '2024-02-05 07:32:06', 3001),
(59, 'Emma', 'emma02@example.com', '09123456788', '$2y$10$abcdefghijklmnopqrstuvwx.yz012345679', NULL, '1990-02-02', '2024-02-05 07:32:06', 3002),
(60, 'Noah', 'noah03@example.com', '09123456787', '$2y$10$abcdefghijklmnopqrstuvwx.yz012345670', NULL, '1990-03-03', '2024-02-05 07:32:06', 3003),
(61, 'Olivia', 'olivia04@example.com', '09123456786', '$2y$10$abcdefghijklmnopqrstuvwx.yz012345671', NULL, '1990-04-04', '2024-02-05 07:32:06', 3001),
(62, 'Liam', 'liam05@example.com', '09123456785', '$2y$10$abcdefghijklmnopqrstuvwx.yz012345672', NULL, '1990-05-05', '2024-02-05 07:32:06', 3002),
(63, 'Sophia', 'sophia06@example.com', '09123456684', '$2y$10$abcdefghijklmnopqrstuvwx.yz012345673', NULL, '1990-06-06', '2024-02-05 07:32:06', 3003),
(64, 'Jackson', 'jackson07@example.com', '09123456683', '$2y$10$abcdefghijklmnopqrstuvwx.yz012345674', NULL, '1990-07-07', '2024-02-05 07:32:06', 3001),
(65, 'Ava', 'ava08@example.com', '09123456682', '$2y$10$abcdefghijklmnopqrstuvwx.yz012345675', NULL, '1990-08-08', '2024-02-05 07:32:06', 3002),
(66, 'Ethan', 'ethan100@example.com', '09123456589', '$2y$10$abcdefghijklmnopqrstuvwx.yz012345678', NULL, '1990-12-10', '2024-02-05 07:32:06', 3003),
(67, 'Sophie', 'sophie09@example.com', '09123456588', '$2y$10$abcdefghijklmnopqrstuvwx.yz012345679', NULL, '1990-09-09', '2024-02-05 07:32:06', 3001),
(68, 'Mason', 'mason10@example.com', '09123456587', '$2y$10$abcdefghijklmnopqrstuvwx.yz012345670', NULL, '1990-10-10', '2024-02-05 07:32:06', 3002),
(69, 'Isabella', 'isabella11@example.com', '09123456586', '$2y$10$abcdefghijklmnopqrstuvwx.yz012345671', NULL, '1990-11-11', '2024-02-05 07:32:06', 3003),
(70, 'Aiden', 'aiden12@example.com', '09123456585', '$2y$10$abcdefghijklmnopqrstuvwx.yz012345672', NULL, '1990-12-12', '2024-02-05 07:32:06', 3001),
(71, 'Aria', 'aria13@example.com', '09123456484', '$2y$10$abcdefghijklmnopqrstuvwx.yz012345673', NULL, '1991-01-13', '2024-02-05 07:32:06', 3002),
(72, 'Caden', 'caden14@example.com', '09123456483', '$2y$10$abcdefghijklmnopqrstuvwx.yz012345674', NULL, '1991-02-14', '2024-02-05 07:32:06', 3003),
(73, 'Zoe', 'zoe15@example.com', '09123456482', '$2y$10$abcdefghijklmnopqrstuvwx.yz012345675', NULL, '1991-03-15', '2024-02-05 07:32:06', 3001),
(74, 'Grayson', 'grayson16@example.com', '09123456481', '$2y$10$abcdefghijklmnopqrstuvwx.yz012345676', NULL, '1991-04-16', '2024-02-05 07:32:06', 3002),
(75, 'Lily', 'lily17@example.com', '09123456480', '$2y$10$abcdefghijklmnopqrstuvwx.yz012345677', NULL, '1991-05-17', '2024-02-05 07:32:06', 3003),
(76, 'Mia', 'mia18@example.com', '09123456389', '$2y$10$abcdefghijklmnopqrstuvwx.yz012345678', NULL, '1991-06-18', '2024-02-05 07:32:06', 3001),
(77, 'Lucas', 'lucas100@example.com', '09123456388', '$2y$10$abcdefghijklmnopqrstuvwx.yz012345679', NULL, '1991-12-20', '2024-02-05 07:32:06', 3002),
(78, 'Harper', 'harper101@example.com', '09123456387', '$2y$10$abcdefghijklmnopqrstuvwx.yz012345670', NULL, '1991-12-21', '2024-02-05 07:32:06', 3003),
(79, 'Logan', 'logan102@example.com', '09123456386', '$2y$10$abcdefghijklmnopqrstuvwx.yz012345671', NULL, '1991-12-22', '2024-02-05 07:32:06', 3001),
(80, 'Evelyn', 'evelyn200@example.com', '09123456289', '$2y$10$abcdefghijklmnopqrstuvwx.yz012345678', NULL, '1991-12-30', '2024-02-05 07:32:06', 3003),
(81, 'Olivia', 'olivia19@example.com', '090912345678', '$2y$10$abcdefghijklmnopqrstuvwx.yz012345679', NULL, '1991-12-31', '2024-02-05 07:32:06', 3001),
(82, 'Noah', 'noah20@example.com', '090912345677', '$2y$10$abcdefghijklmnopqrstuvwx.yz012345670', NULL, '1992-01-01', '2024-02-05 07:32:06', 3002),
(83, 'Emma', 'emma21@example.com', '090912345676', '$2y$10$abcdefghijklmnopqrstuvwx.yz012345671', NULL, '1992-02-02', '2024-02-05 07:32:06', 3003),
(84, 'Liam', 'liam22@example.com', '090912345675', '$2y$10$abcdefghijklmnopqrstuvwx.yz012345672', NULL, '1992-03-03', '2024-02-05 07:32:06', 3001),
(85, 'Oliver', 'oliver23@example.com', '090912345674', '$2y$10$abcdefghijklmnopqrstuvwx.yz012345673', NULL, '1992-04-04', '2024-02-05 07:32:06', 3002),
(86, 'Ava', 'ava24@example.com', '090912345773', '$2y$10$abcdefghijklmnopqrstuvwx.yz012345674', NULL, '1992-05-05', '2024-02-05 07:32:06', 3003),
(87, 'Ethan', 'ethan25@example.com', '090912345999', '$2y$10$abcdefghijklmnopqrstuvwx.yz012345775', NULL, '1992-06-06', '2024-02-05 07:32:06', 3001),
(88, 'Harper', 'harper26@example.com', '090912345899', '$2y$10$abcdefghijklmnopqrstuvwx.yz012345776', NULL, '1992-07-07', '2024-02-05 07:32:06', 3002),
(89, 'Amelia', 'amelia27@example.com', '090912345670', '$2y$10$abcdefghijklmnopqrstuvwx.yz012345777', NULL, '1992-08-08', '2024-02-05 07:32:06', 3003),
(90, 'Elijah', 'elijah28@example.com', '091512345678', '$2y$10$abcdefghijklmnopqrstuvwx.yz012345778', NULL, '1992-09-09', '2024-02-05 07:32:06', 3001),
(91, 'Charlotte', 'charlotte29@example.com', '091512345677', '$2y$10$abcdefghijklmnopqrstuvwx.yz012345779', NULL, '1992-10-10', '2024-02-05 07:32:06', 3002),
(92, 'Mason', 'mason200@example.com', '091512347876', '$2y$10$abcdefghijklmnopqrstuvwx.yz012347870', NULL, '1992-12-30', '2024-02-05 07:32:06', 3003),
(93, 'Aria', 'aria201@example.com', '091512345675', '$2y$10$abcdefghijklmnopqrstuvwx.yz012345671', NULL, '1992-12-31', '2024-02-05 07:32:06', 3001),
(94, 'Jackson', 'jackson202@example.com', '091512345674', '$2y$10$abcdefghijklmnopqrstuvwx.yz012345672', NULL, '1993-01-01', '2024-02-05 07:32:06', 3002),
(95, 'Ella', 'ella300@example.com', '091512345673', '$2y$10$abcdefghijklmnopqrstuvwx.yz012345673', NULL, '1993-12-31', '2024-02-05 07:32:06', 3003),
(96, 'Liam', 'liam301@example.com', '090912345780', '$2y$10$abcdefghijklmnopqrstuvwx.yz012345571', NULL, '1992-01-01', '2024-02-05 07:32:06', 3001),
(97, 'Olivia', 'olivia302@example.com', '090912345571', '$2y$10$abcdefghijklmnopqrstuvwx.yz012345572', NULL, '1992-02-02', '2024-02-05 07:32:06', 3002),
(98, 'Noah', 'noah303@example.com', '090912345572', '$2y$10$abcdefghijklmnopqrstuvwx.yz012345573', NULL, '1992-03-03', '2024-02-05 07:32:06', 3003),
(99, 'Emma', 'emma304@example.com', '090912345573', '$2y$10$abcdefghijklmnopqrstuvwx.yz012345674', NULL, '1992-04-04', '2024-02-05 07:32:06', 3001),
(100, 'Oliver', 'oliver305@example.com', '090912344674', '$2y$10$abcdefghijklmnopqrstuvwx.yz012345675', NULL, '1992-05-05', '2024-02-05 07:32:06', 3002),
(101, 'Ava', 'ava306@example.com', '090912445675', '$2y$10$abcdefghijklmnopqrstuvwx.yz012344676', NULL, '1992-06-06', '2024-02-05 07:32:06', 3003),
(102, 'Ethan', 'ethan307@example.com', '090902345676', '$2y$10$abcdefghijklmnopqrstuvwx.yz012344677', NULL, '1992-07-07', '2024-02-05 07:32:06', 3001),
(103, 'Harper', 'harper308@example.com', '090902345677', '$2y$10$abcdefghijklmnopqrstuvwx.yz012344678', NULL, '1992-08-08', '2024-02-05 07:32:06', 3002),
(104, 'Amelia', 'amelia309@example.com', '090902345678', '$2y$10$abcdefghijklmnopqrstuvwx.yz012344679', NULL, '1992-09-09', '2024-02-05 07:32:06', 3003),
(105, 'Elijah', 'elijah310@example.com', '091512344610', '$2y$10$abcdefghijklmnopqrstuvwx.yz012345670', NULL, '1992-10-10', '2024-02-05 07:32:06', 3001),
(106, 'Charlotte', 'charlotte311@example.com', '091512345611', '$2y$10$abcdefghijklmnopqrstuvwx.yz012345671', NULL, '1992-11-11', '2024-02-05 07:32:06', 3002),
(107, 'Mason', 'mason312@example.com', '091513345612', '$2y$10$abcdefghijklmnopqrstuvwx.yz012345672', NULL, '1992-12-12', '2024-02-05 07:32:06', 3003),
(108, 'Aria', 'aria313@example.com', '091513345613', '$2y$10$abcdefghijklmnopqrstuvwx.yz012345673', NULL, '1992-12-13', '2024-02-05 07:32:06', 3001),
(109, 'Jackson', 'jackson314@example.com', '091513345614', '$2y$10$abcdefghijklmnopqrstuvwx.yz012345674', NULL, '1992-12-14', '2024-02-05 07:32:06', 3002),
(110, 'Ella', 'ella315@example.com', '091513345615', '$2y$10$abcdefghijklmnopqrstuvwx.yz012345675', NULL, '1992-12-15', '2024-02-05 07:32:06', 3003),
(111, 'Sophia', 'sophia400@example.com', '091513345616', '$2y$10$abcdefghijklmnopqrstuvwx.yz012345676', NULL, '1992-12-16', '2024-02-05 07:32:06', 3001),
(112, 'Logan', 'logan401@example.com', '091513345617', '$2y$10$abcdefghijklmnopqrstuvwx.yz012345677', NULL, '1992-12-17', '2024-02-05 07:32:06', 3002),
(113, 'Aiden', 'aiden402@example.com', '091513345618', '$2y$10$abcdefghijklmnopqrstuvwx.yz012345678', NULL, '1992-12-18', '2024-02-05 07:32:06', 3003),
(114, 'Mia', 'mia403@example.com', '091513345619', '$2y$10$abcdefghijklmnopqrstuvwx.yz012345679', NULL, '1992-12-19', '2024-02-05 07:32:06', 3001),
(115, 'Lucas', 'lucas404@example.com', '091513345620', '$2y$10$abcdefghijklmnopqrstuvwx.yz012345670', NULL, '1992-12-20', '2024-02-05 07:32:06', 3002),
(116, 'Isabella', 'isabella405@example.com', '091513345621', '$2y$10$abcdefghijklmnopqrstuvwx.yz012345671', NULL, '1992-12-21', '2024-02-05 07:32:06', 3003),
(117, 'Evelyn', 'evelyn406@example.com', '091513345622', '$2y$10$abcdefghijklmnopqrstuvwx.yz012345672', NULL, '1992-12-22', '2024-02-05 07:32:06', 3001),
(118, 'Jack', 'jack407@example.com', '091512345623', '$2y$10$abcdefghijklmnopqrstuvwx.yz012345673', NULL, '1992-12-23', '2024-02-05 07:32:06', 3002),
(119, 'Avery', 'avery408@example.com', '091512345624', '$2y$10$abcdefghijklmnopqrstuvwx.yz012345674', NULL, '1992-12-24', '2024-02-05 07:32:06', 3003),
(120, 'Sebastian', 'sebastian409@example.com', '091512345625', '$2y$10$abcdefghijklmnopqrstuvwx.yz012345675', NULL, '1992-12-25', '2024-02-05 07:32:06', 3001),
(121, 'Aubrey', 'aubrey410@example.com', '091512345626', '$2y$10$abcdefghijklmnopqrstuvwx.yz012345676', NULL, '1992-12-26', '2024-02-05 07:32:06', 3002),
(122, 'Camila', 'camila411@example.com', '091512345627', '$2y$10$abcdefghijklmnopqrstuvwx.yz012345677', NULL, '1992-12-27', '2024-02-05 07:32:06', 3003),
(123, 'Grayson', 'grayson412@example.com', '091512345628', '$2y$10$abcdefghijklmnopqrstuvwx.yz012345678', NULL, '1992-12-28', '2024-02-05 07:32:06', 3001),
(124, 'Scarlett', 'scarlett413@example.com', '091512345629', '$2y$10$abcdefghijklmnopqrstuvwx.yz012345679', NULL, '1992-12-29', '2024-02-05 07:32:06', 3002),
(125, 'Carter', 'carter414@example.com', '091512345630', '$2y$10$abcdefghijklmnopqrstuvwx.yz012345670', NULL, '1992-12-30', '2024-02-05 07:32:06', 3003),
(126, 'Madison', 'madison415@example.com', '091512345631', '$2y$10$abcdefghijklmnopqrstuvwx.yz012345671', NULL, '1992-12-31', '2024-02-05 07:32:06', 3001),
(127, 'Ethan', 'ethan416@example.com', '091512345632', '$2y$10$abcdefghijklmnopqrstuvwx.yz012345672', NULL, '1993-01-01', '2024-02-05 07:32:06', 3002),
(128, 'Lily', 'lily417@example.com', '091512345633', '$2y$10$abcdefghijklmnopqrstuvwx.yz012345673', NULL, '1993-01-02', '2024-02-05 07:32:06', 3003),
(129, 'Chloe', 'chloe500@example.com', '091512345634', '$2y$10$abcdefghijklmnopqrstuvwx.yz012345674', NULL, '1993-01-03', '2024-02-05 07:32:06', 3001),
(130, 'Daniel', 'daniel501@example.com', '091512345635', '$2y$10$abcdefghijklmnopqrstuvwx.yz012345675', NULL, '1993-01-04', '2024-02-05 07:32:06', 3002),
(131, 'Hazel', 'hazel502@example.com', '091512345636', '$2y$10$abcdefghijklmnopqrstuvwx.yz012345676', NULL, '1993-01-05', '2024-02-05 07:32:06', 3003),
(132, 'Liam', 'liam501@example.com', '091512345701', '$2y$10$abcdefghijklmnopqrstuvwx.yz012345678', NULL, '1993-01-06', '2024-02-05 07:32:06', 3001),
(133, 'Emma', 'emma502@example.com', '091512345702', '$2y$10$abcdefghijklmnopqrstuvwx.yz012345679', NULL, '1993-01-07', '2024-02-05 07:32:06', 3002),
(134, 'Oliver', 'oliver503@example.com', '091512345703', '$2y$10$abcdefghijklmnopqrstuvwx.yz012345670', NULL, '1993-01-08', '2024-02-05 07:32:06', 3003),
(135, 'Ava', 'ava504@example.com', '091512345704', '$2y$10$abcdefghijklmnopqrstuvwx.yz012345671', NULL, '1993-01-09', '2024-02-05 07:32:06', 3001),
(136, 'Noah', 'noah505@example.com', '091512345705', '$2y$10$abcdefghijklmnopqrstuvwx.yz012345672', NULL, '1993-01-10', '2024-02-05 07:32:06', 3002),
(137, 'Sophia', 'sophia506@example.com', '091512345706', '$2y$10$abcdefghijklmnopqrstuvwx.yz012345673', NULL, '1993-01-11', '2024-02-05 07:32:06', 3003),
(138, 'Jackson', 'jackson507@example.com', '091512345707', '$2y$10$abcdefghijklmnopqrstuvwx.yz012345674', NULL, '1993-01-12', '2024-02-05 07:32:06', 3001),
(139, 'Aria', 'aria508@example.com', '091512345708', '$2y$10$abcdefghijklmnopqrstuvwx.yz012345675', NULL, '1993-01-13', '2024-02-05 07:32:06', 3002),
(140, 'Lucas', 'lucas509@example.com', '091512345709', '$2y$10$abcdefghijklmnopqrstuvwx.yz012345676', NULL, '1993-01-14', '2024-02-05 07:32:06', 3003),
(141, 'Amelia', 'amelia510@example.com', '091512345710', '$2y$10$abcdefghijklmnopqrstuvwx.yz012345677', NULL, '1993-01-15', '2024-02-05 07:32:06', 3001),
(142, 'Elijah', 'elijah511@example.com', '091512345711', '$2y$10$abcdefghijklmnopqrstuvwx.yz012345678', NULL, '1993-01-16', '2024-02-05 07:32:06', 3002),
(143, 'Aiden', 'aiden512@example.com', '091512345712', '$2y$10$abcdefghijklmnopqrstuvwx.yz012345679', NULL, '1993-01-17', '2024-02-05 07:32:06', 3003),
(144, 'Scarlett', 'scarlett513@example.com', '091512345713', '$2y$10$abcdefghijklmnopqrstuvwx.yz012345670', NULL, '1993-01-18', '2024-02-05 07:32:06', 3001),
(145, 'Mason', 'mason514@example.com', '091512345714', '$2y$10$abcdefghijklmnopqrstuvwx.yz012345671', NULL, '1993-01-19', '2024-02-05 07:32:06', 3002),
(146, 'Lily', 'lily515@example.com', '091512345715', '$2y$10$abcdefghijklmnopqrstuvwx.yz012345672', NULL, '1993-01-20', '2024-02-05 07:32:06', 3003),
(147, 'Ethan', 'ethan516@example.com', '091512345716', '$2y$10$abcdefghijklmnopqrstuvwx.yz012345673', NULL, '1993-01-21', '2024-02-05 07:32:06', 3001),
(148, 'Harper', 'harper517@example.com', '091512345717', '$2y$10$abcdefghijklmnopqrstuvwx.yz012345674', NULL, '1993-01-22', '2024-02-05 07:32:06', 3002),
(149, 'Avery', 'avery518@example.com', '091512345718', '$2y$10$abcdefghijklmnopqrstuvwx.yz012345675', NULL, '1993-01-23', '2024-02-05 07:32:06', 3003),
(153, 'Nimo', 'ming@gg.com', '0985623625', '$2y$10$aFzNjQaKIfsz8PjDX.wOR.Ab2rowN51vL7VsmYrN3CHvOtP4khVXC', 'a67641ea2d6bf3351e5d6495b625425cf45e770a.jpg', '2024-02-01', '2024-02-06 01:37:07', 3003);

-- --------------------------------------------------------

--
-- 資料表結構 `mb_user_setting`
--

CREATE TABLE `mb_user_setting` (
  `user_setting_id` int(11) NOT NULL,
  `fk_user_id` int(11) DEFAULT NULL,
  `account_recovery_option` varchar(255) DEFAULT NULL,
  `enabled` tinyint(1) DEFAULT NULL,
  `theme_preference` varchar(255) DEFAULT NULL,
  `language_preference` varchar(255) DEFAULT NULL,
  `recovery_codes` varchar(255) DEFAULT NULL
) ENGINE=InnoDB DEFAULT CHARSET=utf8mb4 COLLATE=utf8mb4_general_ci;

--
-- 傾印資料表的資料 `mb_user_setting`
--

INSERT INTO `mb_user_setting` (`user_setting_id`, `fk_user_id`, `account_recovery_option`, `enabled`, `theme_preference`, `language_preference`, `recovery_codes`) VALUES
(1, 1, 'Email', 1, 'Light', 'English', 'abc123def456'),
(2, 2, 'Phone', 1, 'Dark', 'Chinese', '789xyz456mno'),
(3, 3, 'Email', 0, 'Light', 'English', 'pqr789stu123');

-- --------------------------------------------------------

--
-- 資料表結構 `sn_comments`
--

CREATE TABLE `sn_comments` (
  `comment_id` int(11) NOT NULL,
  `user_id` int(11) DEFAULT NULL,
  `post_id` int(11) DEFAULT NULL,
  `content` text DEFAULT NULL,
  `comment_timestamp` timestamp NOT NULL DEFAULT current_timestamp() ON UPDATE current_timestamp()
) ENGINE=InnoDB DEFAULT CHARSET=utf8mb4 COLLATE=utf8mb4_general_ci;

--
-- 傾印資料表的資料 `sn_comments`
--

INSERT INTO `sn_comments` (`comment_id`, `user_id`, `post_id`, `content`, `comment_timestamp`) VALUES
(1, 101, 11, '城堡廢墟好有神秘感，你是怎麼發現的呢？', '2024-02-07 18:00:00'),
(2, 102, 12, '山中寺廟的景色一定很宏偉，分享一下你的探險心得吧！', '2024-02-08 21:00:00'),
(3, 103, 13, '古墓墳場的氛圍應該很特別，感受到歷史的重量了嗎？', '2024-02-10 00:00:00'),
(4, 104, 14, '沙漠考古是個挑戰，有發現什麼特別的古代器物嗎？', '2024-02-11 02:00:00'),
(5, 105, 15, '現代藝術展對你有什麼啟發呢？', '2024-02-11 19:00:00'),
(6, 106, 16, '喜歡你的油畫，有其他作品嗎？', '2024-02-12 21:00:00'),
(7, 107, 17, '奇幻小說世界中有哪個故事讓你印象深刻？', '2024-02-13 23:00:00'),
(8, 108, 18, '寫奇幻小說需要什麼靈感？', '2024-02-15 02:00:00'),
(9, 109, 19, '城市夜景的濾鏡效果真的很美，分享一下拍攝技巧吧！', '2024-02-15 18:00:00'),
(10, 110, 20, '日出景點在哪裡？一定很壯觀吧！', '2024-02-16 20:00:00'),
(11, 201, 21, '特色餐廳的招牌料理看起來好美味，推薦我們也去嚐嚐吧！', '2024-02-17 23:00:00'),
(12, 202, 22, '家裡做的外地美食一定很特別，有沒有特別的秘訣可以分享？', '2024-02-19 02:00:00'),
(13, 203, 23, '未來科技展中有什麼產品讓你印象深刻？', '2024-02-19 19:00:00'),
(14, 204, 24, '組裝最新的電腦是個不小的挑戰，有什麼心得可以分享？', '2024-02-20 21:00:00'),
(15, 205, 25, '山區的花海一定很美，有沒有拍攝到其他特別的花卉？', '2024-02-22 00:00:00'),
(16, 206, 26, '透過望遠鏡觀察星空是很浪漫的事情，有什麼星體吸引到你？', '2024-02-23 02:00:00'),
(17, 207, 27, '搖滾音樂祭上的表演一定很精彩，你最喜歡哪一隊樂隊？', '2024-02-23 18:00:00'),
(18, 208, 28, '自己創作的音樂有特別的風格嗎？', '2024-02-24 21:00:00'),
(19, 209, 29, '城市的高樓大廈間還有其他被遺忘的建築嗎？', '2024-02-26 00:00:00'),
(20, 210, 30, '考古尋寶活動中發現的古代寶藏一定很精彩，有什麼收穫？', '2024-02-27 02:00:00'),
(21, 301, 31, '當代藝術展的畫作讓我對當代藝術有了更深的理解，你有喜歡的作品嗎？', '2024-02-27 18:00:00'),
(22, 302, 32, '奇幻冒險小說中是否有讓你印象深刻的情節？', '2024-02-28 21:00:00'),
(23, 303, 33, '拍攝夜空星軌的技巧是什麼？有沒有特別的攝影設備？', '2024-03-01 00:00:00'),
(24, 304, 34, '城市各地的美食真的是無窮盡，有沒有特別推薦的小店？', '2024-03-02 02:00:00'),
(25, 305, 35, '虛擬實境技術的展示是否讓你感受到科技的未來發展方向？', '2024-03-02 19:00:00'),
(26, 306, 36, '湖邊觀察到翠鳥的瞬間一定很美，有沒有其他動物也出現呢？', '2024-03-03 22:00:00'),
(27, 307, 37, '在音樂節上和朋友high翻天，有沒有特別難忘的瞬間？', '2024-03-05 01:00:00'),
(33, 403, 14, '沙漠考古的過程中有沒有遇到挑戰？', '2024-02-11 01:45:00'),
(34, 404, 25, '花卉山坡的景色一定美不勝收，我也喜歡拍攝大自然的美。', '2024-02-21 23:30:00'),
(35, 405, 36, '湖邊觀察到翠鳥的瞬間一定很難得，有沒有其他有趣的觀察？', '2024-03-03 23:15:00'),
(36, 406, 31, '當代藝術展中哪一件作品讓你留下深刻印象？', '2024-02-27 18:45:00'),
(37, 407, 19, '城市夜景的濾鏡拍攝技巧有什麼秘訣？', '2024-02-15 17:25:00'),
(38, 408, 33, '拍攝夜空星軌的困難點在哪裡？', '2024-02-29 22:50:00'),
(40, 410, 21, '特色餐廳的招牌料理看起來很美味，想嚐嚐看！', '2024-02-17 23:20:00');

-- --------------------------------------------------------

--
-- 資料表結構 `sn_comments_reply`
--

CREATE TABLE `sn_comments_reply` (
  `cr_id` int(11) NOT NULL,
  `user_id` int(11) DEFAULT NULL,
  `post_id` int(11) DEFAULT NULL,
  `content` text DEFAULT NULL,
  `parent_id` int(11) DEFAULT NULL,
  `comment_timestamp` timestamp NOT NULL DEFAULT current_timestamp() ON UPDATE current_timestamp()
) ENGINE=InnoDB DEFAULT CHARSET=utf8mb4 COLLATE=utf8mb4_general_ci;

--
-- 傾印資料表的資料 `sn_comments_reply`
--

INSERT INTO `sn_comments_reply` (`cr_id`, `user_id`, `post_id`, `content`, `parent_id`, `comment_timestamp`) VALUES
(1, 201, 11, '是的，我當時在城堡附近探險，發現了這個荒廢的城堡。', 1, '2024-02-07 18:30:00'),
(2, 202, 12, '山中寺廟的建築非常宏偉，感覺彷彿回到古代。', 2, '2024-02-08 21:30:00'),
(3, 203, 13, '古墓墳場的氛圍確實讓人感受到歷史的良好。', 3, '2024-02-10 00:30:00'),
(4, 204, 14, '挖掘出的古代器物非常有收穫，都是些有價值的文物。', 4, '2024-02-11 02:30:00'),
(5, 205, 15, '現代藝術展讓我對藝術有了更深刻的理解，多了一種觀察方式。', 5, '2024-02-11 19:30:00'),
(6, 206, 16, '謝謝！還有其他風格的油畫，歡迎查看我的個人作品集。', 6, '2024-02-12 21:30:00'),
(7, 207, 17, '奇幻小說世界中《魔法之門》的故事令我深感震撼。', 7, '2024-02-13 23:30:00'),
(8, 208, 18, '靈感來自於夢境、神話，寫作時常常身歷其境。', 8, '2024-02-15 02:30:00'),
(9, 209, 19, '使用了一些特殊的濾鏡，增強了夜景的神秘感。', 9, '2024-02-15 18:30:00'),
(10, 210, 20, '日出景點在山巔，雖然需要爬山，但風景絕對值得。', 10, '2024-02-16 20:30:00'),
(21, 301, 21, '這家特色餐廳的招牌料理真的是我最愛，非常推薦你去品嚐一下！', 11, '2024-02-17 23:30:00'),
(22, 302, 22, '其實是參考了一些外地食譜，然後根據自己口味做了一些改良。', 12, '2024-02-19 02:30:00'),
(23, 303, 23, '未來科技展中最讓我驚艷的是一個虛擬實境產品，仿佛身歷其境。', 13, '2024-02-19 19:30:00'),
(24, 304, 24, '組裝電腦時需要注意散熱問題，選擇合適的零件也是關鍵。', 14, '2024-02-20 21:30:00'),
(25, 305, 25, '除了花海，我還拍攝到了一些特別的山區野花，非常漂亮。', 15, '2024-02-22 00:30:00'),
(26, 306, 26, '星空中有一顆閃爍的星星讓我特別感動，仿佛在點燃希望。', 16, '2024-02-23 02:30:00'),
(27, 307, 27, '最喜歡的樂隊是「狂熱搖滾」，現場表演真的讓人high翻天。', 17, '2024-02-23 18:30:00'),
(28, 308, 28, '我的音樂風格偏向搖滾和流行的結合，希望大家能夠喜歡。', 18, '2024-02-24 21:30:00'),
(29, 309, 29, '城市中還有一些老舊的建築，但是多數已經遺忘在高樓的陰影中。', 19, '2024-02-26 00:30:00'),
(30, 310, 30, '考古尋寶活動中發現了一批古代寶藏，包括文物和珍貴的首飾。', 20, '2024-02-27 02:30:00'),
(31, 401, 31, '是的，有一幅抽象畫作《夢境之門》深深吸引了我，彷彿置身於另一個世界。', 21, '2024-02-27 18:30:00'),
(32, 402, 32, '《奇幻冒險》中的主角勇敢面對各種挑戰，讓我印象深刻。', 22, '2024-02-28 21:30:00'),
(33, 403, 33, '拍攝夜空星軌需要較長時間的曝光和固定的相機，還有耐心等待美好時刻。', 23, '2024-03-01 00:30:00'),
(34, 404, 34, '有一家隱藏版的美食小店在市區角落，風格獨特，非常推薦！', 24, '2024-03-02 02:30:00'),
(35, 405, 35, '是的，虛擬實境技術的進步讓我們看到了科技未來的無限可能性。', 25, '2024-03-02 19:30:00'),
(36, 406, 36, '湖邊還有一些其他野生動物，例如小鳥和松鼠。', 26, '2024-03-03 22:30:00'),
(37, 407, 37, '音樂節上和朋友一起跳舞、歡笑的瞬間是我難以忘懷的回憶。', 27, '2024-03-05 01:30:00'),
(43, 503, 14, '沙漠中的考古活動中，我們遇到了沙漠風暴的挑戰，但也發現了寶藏。', 33, '2024-02-11 02:00:00'),
(44, 504, 25, '除了花海，還有一些特殊品種的花卉，色彩繽紛。', 34, '2024-02-22 00:00:00'),
(45, 505, 36, '湖邊的生態真的豐富，還看到了一隻獨特的水鳥。', 35, '2024-03-03 23:45:00'),
(46, 506, 31, '《夢境之門》的抽象表現引起了我對夢境的思考。', 36, '2024-02-27 19:00:00'),
(47, 507, 19, '夜景攝影時選擇合適的濾鏡和光線角度是關鍵。', 37, '2024-02-15 17:45:00'),
(48, 508, 33, '拍攝夜空星軌需要在低光害的地區，避免光污染。', 38, '2024-02-29 23:00:00'),
(50, 510, 21, '特色餐廳的招牌料理真的很好吃，你一定會喜歡的！', 40, '2024-02-17 23:45:00');

-- --------------------------------------------------------

--
-- 資料表結構 `sn_followed_boards`
--

CREATE TABLE `sn_followed_boards` (
  `follow_id` int(11) NOT NULL,
  `user_id` int(11) DEFAULT NULL,
  `board_id` int(11) DEFAULT NULL,
  `border_name` varchar(255) DEFAULT NULL,
  `followed_timestamp` timestamp NOT NULL DEFAULT current_timestamp() ON UPDATE current_timestamp()
) ENGINE=InnoDB DEFAULT CHARSET=utf8mb4 COLLATE=utf8mb4_general_ci;

--
-- 傾印資料表的資料 `sn_followed_boards`
--

INSERT INTO `sn_followed_boards` (`follow_id`, `user_id`, `board_id`, `border_name`, `followed_timestamp`) VALUES
(2, 2, 1, '美食', '2024-01-23 13:15:45'),
(3, 3, 2, '旅遊', '2024-01-23 13:20:18'),
(4, 4, 1, '攝影', '2024-01-23 13:30:02'),
(5, 2, 2, '時尚', '2024-01-23 13:35:49'),
(6, 5, 3, '運動', '2024-01-23 13:40:12'),
(7, 3, 3, '藝術', '2024-01-23 13:45:30'),
(8, 4, 2, '科技', '2024-01-23 13:50:11'),
(9, 5, 1, '音樂', '2024-01-23 13:55:27'),
(10, 2, 3, '健康', '2024-01-23 14:00:14'),
(11, 3, 1, '閱讀', '2024-01-23 14:05:40'),
(12, 4, 3, '汽車', '2024-01-23 14:10:22'),
(13, 5, 2, '影視', '2024-01-23 14:15:08'),
(14, 2, 1, '手作', '2024-01-23 14:20:17'),
(15, 3, 2, '生活', '2024-01-23 14:25:45'),
(16, 4, 1, '寵物', '2024-01-23 14:30:29'),
(17, 5, 3, '設計', '2024-01-23 14:35:12'),
(18, 2, 2, '旅遊', '2024-01-23 14:40:20'),
(19, 3, 1, '美食', '2024-01-23 14:45:37'),
(20, 4, 3, '攝影', '2024-01-23 14:50:09'),
(21, 5, 2, '時尚', '2024-01-23 14:55:18'),
(22, 2, 1, '運動', '2024-01-23 15:00:45'),
(23, 3, 2, '藝術', '2024-01-23 15:05:30'),
(24, 4, 1, '科技', '2024-01-23 15:10:15'),
(25, 5, 3, '音樂', '2024-01-23 15:15:22'),
(26, 2, 2, '健康', '2024-01-23 15:20:35'),
(27, 3, 1, '閱讀', '2024-01-23 15:25:40'),
(28, 4, 3, '汽車', '2024-01-23 15:30:50'),
(29, 5, 2, '影視', '2024-01-23 15:35:12'),
(30, 2, 1, '手作', '2024-01-23 15:40:25'),
(31, 3, 3, '美食', '2024-01-24 10:30:18'),
(32, 4, 4, '手作', '2024-01-24 10:45:02'),
(33, 5, 5, '影片分享', '2024-01-24 11:00:49'),
(34, 2, 6, '攝影', '2024-01-24 11:15:12'),
(35, 3, 7, '健身', '2024-01-24 11:30:30'),
(36, 4, 8, '時尚', '2024-01-24 11:45:11'),
(37, 5, 9, '心理學', '2024-01-24 12:00:27'),
(38, 2, 10, '美妝', '2024-01-24 12:15:14'),
(39, 3, 11, '音樂', '2024-01-24 12:30:40'),
(40, 4, 12, '娛樂新聞', '2024-01-24 12:45:22'),
(41, 5, 13, '寵物', '2024-01-24 13:00:08'),
(42, 2, 14, '旅遊攝影', '2024-01-24 13:15:17'),
(43, 3, 15, '旅遊規劃', '2024-01-24 13:30:45'),
(44, 4, 16, '手作藝術', '2024-01-24 13:50:29'),
(45, 5, 17, '心靈成長', '2024-01-24 14:15:12'),
(46, 2, 18, '遊戲', '2024-01-24 14:40:20'),
(47, 3, 19, '家庭生活', '2024-01-24 15:05:37'),
(48, 2, 2, '旅遊', '2024-01-24 10:15:30');

-- --------------------------------------------------------

--
-- 資料表結構 `sn_friends`
--

CREATE TABLE `sn_friends` (
  `friendship_id` int(11) NOT NULL,
  `user_id` int(11) DEFAULT NULL,
  `friend_id` int(11) DEFAULT NULL,
  `status` varchar(255) DEFAULT NULL,
  `friend_timestamp` timestamp NOT NULL DEFAULT current_timestamp()
) ENGINE=InnoDB DEFAULT CHARSET=utf8mb4 COLLATE=utf8mb4_general_ci;

--
-- 傾印資料表的資料 `sn_friends`
--

INSERT INTO `sn_friends` (`friendship_id`, `user_id`, `friend_id`, `status`, `friend_timestamp`) VALUES
(2, 2, 1, '密友', '2024-02-04 01:40:26'),
(5, 2, 3, '閨蜜', '2024-02-04 01:40:26'),
(6, 5, 4, '死黨', '2024-02-04 01:40:26'),
(7, 3, 5, '知己', '2024-02-04 01:40:26'),
(9, 5, 1, '姊妹', '2024-02-04 01:40:26'),
(10, 2, 4, '親密', '2024-02-04 01:40:26'),
(11, 3, 5, '心靈伴侶', '2024-02-04 01:40:26'),
(13, 5, 2, '死黨', '2024-02-04 01:40:26'),
(14, 2, 3, '好友', '2024-02-04 01:40:26'),
(16, 4, 5, '兄弟', '2024-02-04 01:40:26'),
(17, 5, 1, '密友', '2024-02-04 01:40:26'),
(18, 2, 2, '摯友', '2024-02-04 01:40:26'),
(19, 3, 3, '閨蜜', '2024-02-04 01:40:26'),
(20, 4, 4, '好友', '2024-02-04 01:40:26'),
(21, 5, 5, '姊妹', '2024-02-04 01:40:26'),
(22, 2, 1, '死黨', '2024-02-04 01:40:26'),
(23, 3, 2, '心靈伴侶', '2024-02-04 01:40:26'),
(24, 4, 3, '摯友', '2024-02-04 01:40:26'),
(25, 5, 4, '密友', '2024-02-04 01:40:26'),
(26, 2, 5, '好友', '2024-02-04 01:40:26'),
(27, 3, 1, '兄弟', '2024-02-04 01:40:26'),
(28, 4, 2, '死黨', '2024-02-04 01:40:26'),
(29, 5, 3, '知己', '2024-02-04 01:40:26'),
(30, 2, 4, '好友', '2024-02-04 01:40:26'),
(31, 3, 3, '知己', '2024-02-04 01:40:26'),
(32, 4, 4, '摯友', '2024-02-04 01:40:26'),
(33, 5, 5, '死黨', '2024-02-04 01:40:26'),
(34, 2, 6, '閨蜜', '2024-02-04 01:40:26'),
(35, 3, 7, '武林好友', '2024-02-04 01:40:26'),
(36, 4, 8, '青梅竹馬', '2024-02-04 01:40:26'),
(37, 5, 9, '同窗好友', '2024-02-04 01:40:26'),
(38, 2, 10, '合作夥伴', '2024-02-04 01:40:26'),
(39, 3, 11, '兄弟', '2024-02-04 01:40:26'),
(40, 4, 12, '姊妹', '2024-02-04 01:40:26'),
(41, 5, 13, '同事', '2024-02-04 01:40:26'),
(42, 2, 14, '戰友', '2024-02-04 01:40:26'),
(43, 3, 15, '同學', '2024-02-04 01:40:26'),
(44, 4, 16, '拍檔', '2024-02-04 01:40:26'),
(45, 5, 17, '義氣朋友', '2024-02-04 01:40:26'),
(46, 2, 18, '忘年交', '2024-02-04 01:40:26'),
(47, 3, 19, '職場好友', '2024-02-04 01:40:26'),
(48, 2, 2, '好友', '2024-02-04 01:40:26'),
(49, 2, 3, '知己', '2024-01-04 04:30:45'),
(50, 4, 1, '摯友', '2024-02-03 06:20:15'),
(51, 5, 2, '死黨', '2024-01-17 00:45:30'),
(52, 3, 5, '好友', '2024-02-02 02:10:22'),
(53, 2, 4, '兄弟', '2024-02-03 08:55:18'),
(54, 5, 1, '姊妹', '2024-02-01 11:40:05'),
(55, 3, 3, '知己', '2024-01-16 13:15:40'),
(56, 2, 2, '摯友', '2024-01-27 14:30:12'),
(57, 4, 4, '閨蜜', '2024-01-13 03:25:50'),
(58, 5, 5, '好友', '2024-01-22 10:05:36'),
(59, 2, 1, '死黨', '2024-01-24 07:12:09'),
(60, 3, 2, '心靈伴侶', '2024-01-26 05:00:28'),
(61, 4, 3, '摯友', '2024-01-29 09:40:55'),
(62, 5, 4, '密友', '2024-01-20 01:50:14'),
(63, 2, 5, '好友', '2024-01-18 12:22:37'),
(64, 3, 1, '兄弟', '2024-01-19 02:35:49'),
(65, 4, 2, '死黨', '2024-02-01 11:15:07'),
(66, 5, 3, '知己', '2024-01-06 06:58:33'),
(67, 2, 4, '好友', '2024-01-05 08:05:11'),
(68, 3, 5, '知己', '2024-02-01 04:42:24'),
(69, 4, 1, '摯友', '2024-02-02 10:30:58'),
(70, 5, 2, '死黨', '2024-02-03 13:55:46'),
(71, 2, 3, '好友', '2024-02-02 00:20:40'),
(72, 3, 4, '知己', '2024-01-01 01:45:55'),
(73, 4, 5, '兄弟', '2024-01-02 03:10:17'),
(74, 5, 1, '密友', '2024-01-14 05:25:23'),
(75, 2, 2, '摯友', '2024-01-12 07:50:38'),
(76, 3, 3, '閨蜜', '2024-01-23 09:15:50'),
(77, 4, 4, '好友', '2024-01-11 14:40:02'),
(78, 5, 5, '姊妹', '2024-01-12 02:02:20'),
(79, 2, 1, '死黨', '2024-01-18 12:28:44'),
(80, 3, 2, '心靈伴侶', '2024-02-04 06:35:59'),
(81, 4, 3, '摯友', '2024-02-01 08:00:05'),
(82, 5, 4, '密友', '2024-01-09 10:25:18'),
(83, 2, 5, '好友', '2024-01-25 01:50:30'),
(84, 3, 1, '兄弟', '2024-01-26 03:15:45'),
(85, 4, 2, '死黨', '2024-02-01 04:40:57'),
(86, 5, 3, '知己', '2024-01-25 06:06:12'),
(87, 2, 4, '好友', '2024-01-19 07:31:26'),
(88, 3, 5, '知己', '2024-01-19 08:56:40'),
(89, 4, 1, '摯友', '2024-01-15 10:21:55'),
(90, 5, 2, '心靈伴侶', '2024-01-14 11:47:09'),
(91, 2, 3, '好友', '2024-01-09 13:12:22'),
(92, 3, 4, '知己', '2024-01-27 14:37:34'),
(93, 4, 5, '兄弟', '2024-01-28 01:02:49'),
(94, 5, 1, '密友', '2024-01-29 02:28:03'),
(95, 2, 2, '摯友', '2024-01-15 03:53:15'),
(96, 3, 3, '閨蜜', '2024-01-15 05:18:28'),
(97, 4, 4, '好友', '2024-01-16 06:43:40'),
(98, 5, 5, '姊妹', '2024-02-02 08:08:55'),
(99, 2, 1, '死黨', '2024-02-03 09:34:09'),
(100, 3, 2, '心靈伴侶', '2024-02-01 11:34:09');

-- --------------------------------------------------------

--
-- 資料表結構 `sn_likes`
--

CREATE TABLE `sn_likes` (
  `like_id` int(11) NOT NULL,
  `user_id` int(11) DEFAULT NULL,
  `post_id` int(11) DEFAULT NULL,
  `like_timestamp` timestamp NOT NULL DEFAULT current_timestamp() ON UPDATE current_timestamp()
) ENGINE=InnoDB DEFAULT CHARSET=utf8mb4 COLLATE=utf8mb4_general_ci;

--
-- 傾印資料表的資料 `sn_likes`
--

INSERT INTO `sn_likes` (`like_id`, `user_id`, `post_id`, `like_timestamp`) VALUES
(2, 2, 1, '2024-01-22 08:15:45'),
(3, 3, 2, '2024-01-22 08:20:18'),
(4, 4, 1, '2024-01-22 08:30:02'),
(5, 2, 2, '2024-01-22 08:35:49'),
(6, 5, 3, '2024-01-22 08:40:12'),
(7, 3, 3, '2024-01-22 08:45:30'),
(8, 4, 2, '2024-01-22 08:50:11'),
(9, 5, 1, '2024-01-22 08:55:27'),
(10, 2, 3, '2024-01-22 09:00:14'),
(11, 3, 1, '2024-01-22 09:05:40'),
(12, 4, 3, '2024-01-22 09:10:22'),
(13, 5, 2, '2024-01-22 09:15:08'),
(14, 2, 1, '2024-01-22 09:20:17'),
(15, 3, 2, '2024-01-22 09:25:45'),
(16, 4, 1, '2024-01-22 09:30:29'),
(17, 5, 3, '2024-01-22 09:35:12'),
(18, 2, 2, '2024-01-22 09:40:20'),
(19, 3, 1, '2024-01-22 09:45:37'),
(20, 4, 3, '2024-01-22 09:50:09'),
(21, 5, 2, '2024-01-22 09:55:18'),
(22, 2, 1, '2024-01-22 10:00:45'),
(23, 3, 2, '2024-01-22 10:05:30'),
(24, 4, 1, '2024-01-22 10:10:15'),
(25, 5, 3, '2024-01-22 10:15:22'),
(26, 2, 2, '2024-01-22 10:20:35'),
(27, 3, 1, '2024-01-22 10:25:40'),
(28, 4, 3, '2024-01-22 10:30:50'),
(29, 5, 2, '2024-01-22 10:35:12'),
(30, 2, 1, '2024-01-22 10:40:25'),
(31, 3, 3, '2024-01-24 02:30:18'),
(32, 4, 4, '2024-01-24 02:45:02'),
(33, 5, 5, '2024-01-24 03:00:49'),
(34, 2, 6, '2024-01-24 03:15:12'),
(35, 3, 7, '2024-01-24 03:30:30'),
(36, 4, 8, '2024-01-24 03:45:11'),
(37, 5, 9, '2024-01-24 04:00:27'),
(38, 2, 10, '2024-01-24 04:15:14'),
(39, 3, 11, '2024-01-24 04:30:40'),
(40, 4, 12, '2024-01-24 04:45:22'),
(41, 5, 13, '2024-01-24 05:00:08'),
(42, 2, 14, '2024-01-24 05:15:17'),
(43, 3, 15, '2024-01-24 05:30:45'),
(44, 4, 16, '2024-01-24 05:50:29'),
(45, 5, 17, '2024-01-24 06:15:12'),
(46, 2, 18, '2024-01-24 06:40:20'),
(47, 3, 19, '2024-01-24 07:05:37'),
(48, 2, 2, '2024-01-24 02:15:30');

-- --------------------------------------------------------

--
-- 資料表結構 `sn_messages`
--

CREATE TABLE `sn_messages` (
  `message_id` int(11) NOT NULL,
  `user_id` int(11) DEFAULT NULL,
  `receiver_id` int(11) DEFAULT NULL,
  `message_content` text DEFAULT NULL,
  `messages_timestamp` timestamp NOT NULL DEFAULT current_timestamp() ON UPDATE current_timestamp(),
  `read_status` varchar(255) DEFAULT NULL
) ENGINE=InnoDB DEFAULT CHARSET=utf8mb4 COLLATE=utf8mb4_general_ci;

--
-- 傾印資料表的資料 `sn_messages`
--

INSERT INTO `sn_messages` (`message_id`, `user_id`, `receiver_id`, `message_content`, `messages_timestamp`, `read_status`) VALUES
(2, 2, 1, '你好嗎？', '2024-01-22 20:15:45', '未讀'),
(3, 3, 2, '最近過得如何？', '2024-01-22 20:20:18', '未讀'),
(4, 4, 1, '有什麼新鮮事嗎？', '2024-01-22 20:30:02', '已讀'),
(5, 2, 2, '記得晚上一起吃飯喔！', '2024-01-22 20:35:49', '未讀'),
(6, 5, 3, '來聊天吧！', '2024-01-22 20:40:12', '已讀'),
(7, 3, 3, '今天有發生什麼有趣的事情嗎？', '2024-01-22 20:45:30', '未讀'),
(8, 4, 2, '下次一起出去玩吧！', '2024-01-22 20:50:11', '未讀'),
(9, 5, 1, '最近忙嗎？', '2024-01-22 20:55:27', '已讀'),
(10, 2, 3, '有空一起喝咖啡吧！', '2024-01-22 21:00:14', '未讀'),
(11, 3, 1, '新的一天要加油！', '2024-01-22 21:05:40', '未讀'),
(12, 4, 3, '下週會有新活動，一起參加吧！', '2024-01-22 21:10:22', '已讀'),
(13, 5, 2, '你看過最近的電影嗎？', '2024-01-22 21:15:08', '未讀'),
(14, 2, 1, '晚上一起打遊戲！', '2024-01-22 21:20:17', '已讀'),
(15, 3, 2, '這個周末有什麼計畫嗎？', '2024-01-22 21:25:45', '未讀'),
(16, 4, 1, '喜歡的音樂有什麼推薦嗎？', '2024-01-22 21:30:29', '未讀'),
(17, 5, 3, '最近在看的書是什麼？', '2024-01-22 21:35:12', '已讀'),
(18, 2, 2, '新發現的好吃的餐廳，要一起去試試看！', '2024-01-22 21:40:20', '未讀'),
(19, 3, 1, '心情不好嗎？聊聊吧！', '2024-01-22 21:45:37', '已讀'),
(20, 4, 3, '最近有什麼困擾的事情嗎？', '2024-01-22 21:50:09', '未讀'),
(21, 5, 2, '下次去哪裡旅遊比較好呢？', '2024-01-22 21:55:18', '未讀'),
(22, 2, 1, '你對新的工作感覺如何？', '2024-01-22 22:00:45', '已讀'),
(23, 3, 2, '忙碌的生活有點疲憊，要注意休息喔！', '2024-01-22 22:05:30', '未讀'),
(24, 4, 1, '最近學到什麼新技能了嗎？', '2024-01-22 22:10:15', '已讀'),
(25, 5, 3, '新年計畫有哪些？', '2024-01-22 22:15:22', '未讀'),
(26, 2, 2, '最近的天氣真是讓人愉快！', '2024-01-22 22:20:35', '已讀'),
(27, 3, 1, '下次一起參加健身課程吧！', '2024-01-22 22:25:40', '未讀'),
(28, 4, 3, '喜歡的食物是什麼？', '2024-01-22 22:30:50', '未讀'),
(29, 5, 2, '近期有什麼好笑的事情分享一下！', '2024-01-22 22:35:12', '已讀'),
(30, 2, 1, '有空一起去逛逛街嗎？', '2024-01-22 22:40:25', '未讀'),
(31, 3, 3, '有空一起出來聚聚吧！', '2024-01-24 02:30:18', '未讀'),
(32, 4, 4, '最近工作順利嗎？', '2024-01-24 02:45:02', '已讀'),
(33, 5, 5, '約個時間一起吃飯吧！', '2024-01-24 03:00:49', '未讀'),
(34, 2, 6, '下次一起去拍照吧！', '2024-01-24 03:15:12', '已讀'),
(35, 3, 7, '這個周末有空嗎？', '2024-01-24 03:30:30', '未讀'),
(36, 4, 8, '新影片上線，快來看看！', '2024-01-24 03:45:11', '已讀'),
(37, 5, 9, '最近讀了一本好書，分享給你！', '2024-01-24 04:00:27', '未讀'),
(38, 2, 10, '最近天氣不錯，要不要一起出遊？', '2024-01-24 04:15:14', '已讀'),
(39, 3, 11, '新發現的音樂真的很好聽，推薦給你！', '2024-01-24 04:30:40', '未讀'),
(40, 4, 12, '快樂分享，歡迎一起參與！', '2024-01-24 04:45:22', '已讀'),
(41, 5, 13, '最近寵物有什麼新玩具嗎？', '2024-01-24 05:00:08', '未讀'),
(42, 2, 14, '旅遊攝影心得分享，歡迎詢問！', '2024-01-24 05:15:17', '已讀'),
(43, 3, 15, '下次旅遊計劃，一起來參加吧！', '2024-01-24 05:30:45', '未讀'),
(44, 4, 16, '手作藝術製作教學，一起動手做吧！', '2024-01-24 05:50:29', '已讀'),
(45, 5, 17, '心靈成長心得，歡迎討論！', '2024-01-24 06:15:12', '未讀'),
(46, 2, 18, '遊戲攻略分享，一同挑戰高難度！', '2024-01-24 06:40:20', '已讀'),
(47, 3, 19, '家庭生活點滴，歡迎互相交流！', '2024-01-24 07:05:37', '未讀'),
(48, 2, 2, '你好，最近過得如何？', '2024-01-24 02:15:30', '已讀');

-- --------------------------------------------------------

--
-- 資料表結構 `sn_notifications`
--

CREATE TABLE `sn_notifications` (
  `notification_id` int(11) NOT NULL,
  `user_id` int(11) DEFAULT NULL,
  `sender_id` int(11) DEFAULT NULL,
  `notification_type` varchar(255) DEFAULT NULL,
  `notifications_timestamp` timestamp NOT NULL DEFAULT current_timestamp() ON UPDATE current_timestamp()
) ENGINE=InnoDB DEFAULT CHARSET=utf8mb4 COLLATE=utf8mb4_general_ci;

--
-- 傾印資料表的資料 `sn_notifications`
--

INSERT INTO `sn_notifications` (`notification_id`, `user_id`, `sender_id`, `notification_type`, `notifications_timestamp`) VALUES
(2, 2, 1, '你的好友喜歡了你的貼文', '2024-01-23 00:15:45'),
(3, 3, 2, '你收到一則私訊', '2024-01-23 00:20:18'),
(4, 4, 1, '有新的追蹤者', '2024-01-23 00:30:02'),
(5, 2, 2, '你的貼文被評為熱門', '2024-01-23 00:35:49'),
(6, 5, 3, '你的好友發布了新的貼文', '2024-01-23 00:40:12'),
(7, 3, 3, '有人回覆了你的評論', '2024-01-23 00:45:30'),
(8, 4, 2, '你的好友邀請你參加活動', '2024-01-23 00:50:11'),
(9, 5, 1, '你有新的粉絲', '2024-01-23 00:55:27'),
(10, 2, 3, '你的好友按讚了你的留言', '2024-01-23 01:00:14'),
(11, 3, 1, '你的好友標記了你', '2024-01-23 01:05:40'),
(12, 4, 3, '你的貼文被分享', '2024-01-23 01:10:22'),
(13, 5, 2, '你的好友邀請你加入群組', '2024-01-23 01:15:08'),
(14, 2, 1, '你有新的通知', '2024-01-23 01:20:17'),
(15, 3, 2, '你的好友發布了新的影片', '2024-01-23 01:25:45'),
(16, 4, 1, '你的留言收到回覆', '2024-01-23 01:30:29'),
(17, 5, 3, '你的好友讚賞了你的留言', '2024-01-23 01:35:12'),
(18, 2, 2, '你的好友邀請你參加線上活動', '2024-01-23 01:40:20'),
(19, 3, 1, '你的貼文被加入收藏', '2024-01-23 01:45:37'),
(20, 4, 3, '你的好友發布了新的故事', '2024-01-23 01:50:09'),
(21, 5, 2, '你的好友回應了你的問題', '2024-01-23 01:55:18'),
(22, 2, 1, '你的好友邀請你一起遊玩遊戲', '2024-01-23 02:00:45'),
(23, 3, 2, '你的好友發送了禮物給你', '2024-01-23 02:05:30'),
(24, 4, 1, '你的貼文被推薦', '2024-01-23 02:10:15'),
(25, 5, 3, '你的好友邀請你一起觀看直播', '2024-01-23 02:15:22'),
(26, 2, 2, '你的好友發布了新的文章', '2024-01-23 02:20:35'),
(27, 3, 1, '你的好友對你的貼文留言', '2024-01-23 02:25:40'),
(28, 4, 3, '你的好友邀請你參加聚會', '2024-01-23 02:30:50'),
(29, 5, 2, '你的好友發布了新的資訊', '2024-01-23 02:35:12'),
(30, 2, 1, '你的好友發來新訊息', '2024-01-23 02:40:25'),
(31, 3, 3, '你有一則新的私訊', '2024-01-24 02:30:18'),
(32, 4, 4, '有人回覆了你的評論', '2024-01-24 02:45:02'),
(33, 5, 5, '你的貼文被點讚了', '2024-01-24 03:00:49'),
(34, 2, 6, '你的好友邀請你加入一個板塊', '2024-01-24 03:15:12'),
(35, 3, 7, '你的貼文被收藏了', '2024-01-24 03:30:30'),
(36, 4, 8, '你的好友更新了他的貼文', '2024-01-24 03:45:11'),
(37, 5, 9, '你有一則新的通知', '2024-01-24 04:00:27'),
(38, 2, 10, '有人追蹤了你的貼文', '2024-01-24 04:15:14'),
(39, 3, 11, '你的評論被點讚了', '2024-01-24 04:30:40'),
(40, 4, 12, '你的好友邀請你參加活動', '2024-01-24 04:45:22'),
(41, 5, 13, '你的私人訊息已被閱讀', '2024-01-24 05:00:08'),
(42, 2, 14, '有人在你的貼文中提到了你', '2024-01-24 05:15:17'),
(43, 3, 15, '你的好友發佈了新的影片', '2024-01-24 05:30:45'),
(44, 4, 16, '有人邀請你參加聚會', '2024-01-24 05:50:29'),
(45, 5, 17, '你的好友更新了他的相冊', '2024-01-24 06:15:12'),
(46, 2, 18, '你的評論被回覆了', '2024-01-24 06:40:20'),
(47, 3, 19, '有人追蹤了你的板塊', '2024-01-24 07:05:37'),
(48, 2, 2, '你的朋友喜歡了你的貼文', '2024-01-24 02:15:30');

-- --------------------------------------------------------

--
-- 資料表結構 `sn_posts`
--

CREATE TABLE `sn_posts` (
  `post_id` int(11) NOT NULL,
  `user_id` int(11) DEFAULT NULL,
  `content` text DEFAULT NULL,
  `image_url` varchar(255) DEFAULT NULL,
  `video_url` varchar(255) DEFAULT NULL,
  `location` varchar(255) DEFAULT NULL,
  `tagged_users` text DEFAULT NULL,
  `posts_timestamp` timestamp NOT NULL DEFAULT current_timestamp() ON UPDATE current_timestamp(),
  `board_id` int(11) DEFAULT NULL
) ENGINE=InnoDB DEFAULT CHARSET=utf8mb4 COLLATE=utf8mb4_general_ci;

--
-- 傾印資料表的資料 `sn_posts`
--

INSERT INTO `sn_posts` (`post_id`, `user_id`, `content`, `image_url`, `video_url`, `location`, `tagged_users`, `posts_timestamp`, `board_id`) VALUES
(11, 111, '發現了一個荒廢的城堡，裡面充滿著神秘感。', '4287ae66caa3a55b05695c461779f3f6e97e7909.jpg', NULL, '城堡廢墟', '103,107', '2024-02-05 14:44:28', 2),
(12, 112, '在探險中意外發現了一座隱藏在山中的古老寺廟。', '314fa56de4c2e25f5d493547520753c284d37f73.jpg', NULL, '山中寺廟', '106,109', '2024-02-05 14:54:49', 2),
(13, 113, '參觀了一個古老的墓地，感受到歷史的厚重。', 'db88796dcba917aa0348b28c5b4f68fe7ed64b3a.jpg', NULL, '古墓墳場', '102,104', '2024-02-05 16:21:34', 3),
(14, 114, '在沙漠中挖掘出了一批古代器物，讓人驚喜不已。', '8f09a5b22c664f24ce0fb9d5f7db690ceadd5790.jpg', NULL, '沙漠考古', '108,110', '2024-02-05 16:49:18', 3),
(15, 115, '參加了一場現代藝術展，對藝術有了新的體會。', '50d2531161d0f4870f33d5e69b4fc1e398db4c11.jpg', '', '現代藝術館', '101,105', '2024-02-05 14:24:09', 4),
(16, 116, '分享一幅自己創作的油畫，希望大家喜歡。', 'd693d03ff0607413ac040e3c6f9d790005c13d37.jpg', '', '', '111,113', '2024-02-05 14:23:56', 4),
(17, 117, '這本奇幻小說中的世界真是太精彩了，推薦給大家。', '4cc9b609b45397bf8ec803b5bf99c1069a2b2902.jpg', NULL, '奇幻小說世界                                          ', '114,116', '2024-02-05 14:51:53', 5),
(18, 118, '自己動手寫了一篇奇幻小說，期待大家的意見。', '240a05d4873df582bc99f6aa5eeb510c412777ea.jpg', '', '', '', '2024-01-03 14:24:33', 5),
(19, 119, '使用不同的濾鏡拍攝城市夜景，效果非常迷人。', 'a9072a3ad42c7604e4a4cc2f11b3a93d65248718.jpg', '', '城市夜景', '101,103', '2024-01-12 14:24:51', 6),
(20, 120, '分享一個拍攝日出的秘密地點，讓大家一起感受自然之美。', '979e2cdbceddb48e3eb4186926340b3eafc04056.jpg', '', '日出景點', '104,107', '2024-01-20 14:25:29', 6),
(21, 121, '品嚐了一家特色餐廳的招牌料理，美味極了！', '6813a2e1446b5677156728469a4bc3f6963ef248.jpg', '', '特色餐廳', '102,108', '2024-01-31 14:26:06', 7),
(22, 122, '自己嘗試在家做出外地美食，分享給大家挑戰一下。', 'fbc36cf51176be6be9ddeeca7e4a0715293e254b.jpg', '', '', '109,110', '2024-01-07 14:26:27', 7),
(23, 123, '參與了一場最新科技產品的展示，未來真是令人期待。', '4c430e9d6464ad8bd7a1ff0d048b6b470360363d.jpg', '', '未來科技展', '101,104', '2024-01-19 14:26:50', 8),
(24, 124, '自己組裝了一部最新的電腦，分享一下DIY心得。', '5bcf9b79dbe01e0d8e44fcf07b1625b1f2484797.jpg', '', '', '111,113', '2024-01-01 14:28:08', 8),
(25, 125, '在山區發現了一片美麗的花海，感受到大自然的奇蹟。', '9268570574ccf097725623e155e29d852991cb68.jpg', '', '花卉山坡', '102,105', '2024-02-04 14:34:14', 9),
(26, 126, '透過望遠鏡觀察星空，發現了一些令人驚艷的星體。', '9f5f122abf3a48729855d2a8f2e67b525cbe4f93.jpg', '', '星空觀測點', '106,109', '2024-01-13 14:29:29', 9),
(27, 127, '參加了一場搖滾音樂祭，現場氣氛非常high。', '37a60271b271bf191c696f475f6f29bdc78e6c0e.jpg', '', '搖滾音樂祭', '101,103', '2024-01-22 14:29:48', 10),
(28, 128, '創作了一首屬於自己的音樂，希望能夠觸動人心。', 'c93dfaf8f819df065a82a07bd7a5075b2591bca4.jpg', '', '', '', '2024-01-20 14:30:13', 10),
(29, 129, '遊走在城市的高樓大廈間，發現了一處被遺忘的老舊建築。', 'e0a9133bc02d84f63c56d8119bcae0e5597d599c.jpg', '', '老舊建築', '104,107', '2024-01-14 14:30:45', 2),
(30, 130, '參與了一場考古尋寶活動，發現了一批古代寶藏。', '427756610458ccf3302df8e9ecff02e28b181721.jpg', '', '考古尋寶', '108,110', '2024-01-04 14:31:04', 3),
(31, 131, '參與了一場當代藝術家的展覽，對當代藝術有了更深的理解。', '7aa838e29328fce080b94bf98fe02aa563bb7da2.jpg', '', '當代藝術展', '101,103', '2024-02-01 14:31:22', 4),
(32, 132, '閱讀了一本充滿奇幻冒險的小說，讓人無法自拔。', 'd95edac929064161c0dfde8cfca555960d394b20.jpg', '', '奇幻冒險', '111,113', '2024-02-01 14:31:42', 5),
(33, 133, '嘗試拍攝夜空中的閃爍星星，捕捉到了美麗的星軌。', '21d3bdc7a9b20719a187173feabdc3474d892c31.jpg', '', '夜空星軌', '106,109', '2024-01-06 14:31:56', 6),
(34, 134, '嚐遍了城市各地的美食，發現了一家隱藏版的美味小店。', '9a81fd66583f9a4a54aa5487fdabf3dbf94d2b44.jpg', '', '美食小店', '101,105', '2024-02-04 14:32:19', 7),
(35, 135, '參與了一場虛擬實境技術的展示，感受到科技的奇妙之處。', '12a9c03a81b8b7f767aaf099edbfab88303c7277.jpg', '', '虛擬實境技術', '108,110', '2024-02-03 14:34:45', 8),
(36, 136, '在湖邊觀察到一群翠鳥，它們的羽毛色彩真是迷人。', '4c7f318e01e0a34df72689ed45f3427e375da2f3.jpg', '', '湖邊觀察', '102,107', '2024-02-04 14:32:58', 9),
(37, 137, ' 在音樂節上與朋友一起high翻天，留下了美好的回憶。\r\n              ', 'fda0436960c090e5ff844abcb68dd5622df43e06.jpg', NULL, '音樂節狂歡                                                                                    ', '103,109', '2024-02-05 15:04:38', 10);

-- --------------------------------------------------------

--
-- 資料表結構 `sn_posts_images`
--

CREATE TABLE `sn_posts_images` (
  `pi_id` int(11) NOT NULL,
  `post_id` int(11) DEFAULT NULL,
  `image_url` varchar(255) DEFAULT NULL
) ENGINE=InnoDB DEFAULT CHARSET=utf8mb4 COLLATE=utf8mb4_general_ci;

--
-- 傾印資料表的資料 `sn_posts_images`
--

INSERT INTO `sn_posts_images` (`pi_id`, `post_id`, `image_url`) VALUES
(2, 2, 'https://example.com/image2.jpg'),
(3, 3, 'https://example.com/image3.jpg'),
(4, 4, 'https://example.com/image4.jpg'),
(5, 5, 'https://example.com/image5.jpg'),
(6, 6, 'https://example.com/image6.jpg'),
(7, 7, 'https://example.com/image7.jpg'),
(8, 8, 'https://example.com/image8.jpg'),
(9, 9, 'https://example.com/image9.jpg'),
(10, 10, 'https://example.com/image10.jpg'),
(11, 11, 'https://example.com/image11.jpg'),
(12, 12, 'https://example.com/image12.jpg'),
(13, 13, 'https://example.com/image13.jpg'),
(14, 14, 'https://example.com/image14.jpg'),
(15, 15, 'https://example.com/image15.jpg'),
(16, 16, 'https://example.com/image16.jpg'),
(17, 17, 'https://example.com/image17.jpg'),
(18, 18, 'https://example.com/image18.jpg'),
(19, 19, 'https://example.com/image19.jpg'),
(20, 20, 'https://example.com/image20.jpg'),
(21, 21, 'https://example.com/image21.jpg'),
(22, 22, 'https://example.com/image22.jpg'),
(23, 23, 'https://example.com/image23.jpg'),
(24, 24, 'https://example.com/image24.jpg'),
(25, 25, 'https://example.com/image25.jpg'),
(26, 26, 'https://example.com/image26.jpg'),
(27, 27, 'https://example.com/image27.jpg'),
(28, 28, 'https://example.com/image28.jpg'),
(29, 29, 'https://example.com/image29.jpg'),
(30, 30, 'https://example.com/image30.jpg'),
(31, 31, 'https://example.com/image31_2.jpg'),
(32, 32, 'https://example.com/image32_2.jpg'),
(33, 33, 'https://example.com/image33_2.jpg'),
(34, 34, 'https://example.com/image34_2.jpg'),
(35, 35, 'https://example.com/image35_2.jpg'),
(36, 36, 'https://example.com/image36_2.jpg'),
(37, 37, 'https://example.com/image37_2.jpg'),
(38, 38, 'https://example.com/image38_2.jpg'),
(39, 39, 'https://example.com/image39_2.jpg'),
(40, 40, 'https://example.com/image40_2.jpg'),
(41, 41, 'https://example.com/image41_2.jpg'),
(42, 42, 'https://example.com/image42_2.jpg'),
(43, 43, 'https://example.com/image43_2.jpg'),
(44, 44, 'https://example.com/image44_2.jpg'),
(45, 45, 'https://example.com/image45_2.jpg'),
(46, 46, 'https://example.com/image46_2.jpg'),
(47, 47, 'https://example.com/image47_2.jpg'),
(48, 48, 'https://example.com/image48_2.jpg');

-- --------------------------------------------------------

--
-- 資料表結構 `sn_public_boards`
--

CREATE TABLE `sn_public_boards` (
  `board_id` int(11) NOT NULL,
  `board_name` varchar(255) DEFAULT NULL,
  `description` text DEFAULT NULL
) ENGINE=InnoDB DEFAULT CHARSET=utf8mb4 COLLATE=utf8mb4_general_ci;

--
-- 傾印資料表的資料 `sn_public_boards`
--

INSERT INTO `sn_public_boards` (`board_id`, `board_name`, `description`) VALUES
(1, '綜合', '綜合討論與分享'),
(2, '建築探險', '分享各種建築探險的經驗與心得'),
(3, '歷史考古', '探討世界各地的歷史與考古發現'),
(4, '藝術展覽', '分享藝術展覽資訊與心得'),
(5, '奇幻小說', '討論各種奇幻小說作品'),
(6, '攝影技巧', '交流攝影技巧與分享作品'),
(7, '美食之旅', '分享各地美食的探索之旅'),
(8, '科技前沿', '討論最新科技發展'),
(9, '自然觀察', '觀察大自然的美與奇蹟'),
(10, '音樂分享', '分享各種音樂風格與心得');

-- --------------------------------------------------------

--
-- 資料表結構 `sn_search_history`
--

CREATE TABLE `sn_search_history` (
  `history_id` int(11) NOT NULL,
  `user_id` int(11) NOT NULL,
  `search_keyword` varchar(255) NOT NULL,
  `search_timestamp` timestamp NOT NULL DEFAULT current_timestamp()
) ENGINE=InnoDB DEFAULT CHARSET=utf8mb4 COLLATE=utf8mb4_general_ci;

--
-- 傾印資料表的資料 `sn_search_history`
--

INSERT INTO `sn_search_history` (`history_id`, `user_id`, `search_keyword`, `search_timestamp`) VALUES
(2, 2, '旅遊', '2024-01-23 16:15:30'),
(3, 3, '美食', '2024-01-23 16:30:18'),
(4, 4, '手作', '2024-01-23 16:45:02'),
(5, 5, '電影推薦', '2024-01-23 17:00:49'),
(6, 2, '健身', '2024-01-23 17:15:12'),
(7, 3, '音樂', '2024-01-23 17:30:30'),
(8, 4, '攝影技巧', '2024-01-23 17:45:11'),
(9, 5, '閱讀推薦', '2024-01-23 18:00:27'),
(10, 2, '手搖飲', '2024-01-23 18:15:14'),
(11, 3, '動畫', '2024-01-23 18:30:40'),
(12, 4, '美妝', '2024-01-23 18:45:22'),
(13, 5, '科技新聞', '2024-01-23 19:00:08'),
(14, 2, '寵物養護', '2024-01-23 19:15:17'),
(15, 3, '旅遊景點', '2024-01-23 19:30:45'),
(16, 4, '手工藝品', '2024-01-23 19:50:29'),
(17, 5, '心理學', '2024-01-23 20:15:12'),
(18, 2, '遊戲推薦', '2024-01-23 20:40:20'),
(19, 3, '家庭規劃', '2024-01-23 21:05:37'),
(20, 4, '手機App', '2024-01-23 21:30:09'),
(21, 5, '生態保育', '2024-01-23 21:55:18'),
(22, 2, '科學知識', '2024-01-23 22:20:45'),
(23, 3, '汽車評價', '2024-01-23 22:45:30'),
(24, 4, '新書推薦', '2024-01-23 23:10:20'),
(25, 5, '戶外活動', '2024-01-23 23:35:27'),
(26, 2, '手遊攻略', '2024-01-24 00:00:14'),
(27, 3, '國際新聞', '2024-01-24 00:25:40'),
(28, 4, '投資理財', '2024-01-24 00:50:29'),
(29, 5, '電子產品評價', '2024-01-24 01:15:12'),
(30, 2, '美容保養', '2024-01-24 01:40:25'),
(31, 1, '旅遊', '2024-01-23 00:45:12'),
(32, 1, '美食', '2024-01-23 01:12:34'),
(33, 1, '音樂', '2024-01-23 01:35:45'),
(34, 1, '電影', '2024-01-23 02:02:19'),
(35, 1, '科技', '2024-01-23 02:24:58'),
(36, 1, '健身', '2024-01-23 02:50:37'),
(37, 1, '閱讀', '2024-01-23 03:15:42'),
(38, 1, '攝影', '2024-01-23 03:38:59'),
(39, 1, '遊戲', '2024-01-23 04:05:17'),
(40, 1, '藝術', '2024-01-23 04:27:45'),
(41, 1, '設計', '2024-01-23 04:52:31'),
(42, 1, '寵物', '2024-01-23 05:15:49'),
(43, 1, '偶像', '2024-01-23 05:40:23'),
(44, 1, '汽車', '2024-01-23 06:03:58'),
(45, 1, '手作', '2024-01-23 06:29:14'),
(46, 1, '足球', '2024-01-23 06:51:42'),
(47, 1, '美容', '2024-01-23 07:17:09'),
(48, 1, '養生', '2024-01-23 07:40:27');

-- --------------------------------------------------------

--
-- 資料表結構 `sn_tagged_users`
--

CREATE TABLE `sn_tagged_users` (
  `tu_id` int(11) NOT NULL,
  `user_id` int(11) DEFAULT NULL
) ENGINE=InnoDB DEFAULT CHARSET=utf8mb4 COLLATE=utf8mb4_general_ci;

--
-- 傾印資料表的資料 `sn_tagged_users`
--

INSERT INTO `sn_tagged_users` (`tu_id`, `user_id`) VALUES
(1, 1),
(31, 1),
(32, 1),
(33, 1),
(34, 1),
(35, 1),
(36, 1),
(37, 1),
(38, 1),
(39, 1),
(40, 1),
(41, 1),
(42, 1),
(43, 1),
(44, 1),
(45, 1),
(46, 1),
(47, 1),
(48, 1),
(2, 2),
(6, 2),
(10, 2),
(14, 2),
(18, 2),
(22, 2),
(26, 2),
(30, 2),
(3, 3),
(7, 3),
(11, 3),
(15, 3),
(19, 3),
(23, 3),
(27, 3),
(4, 4),
(8, 4),
(12, 4),
(16, 4),
(20, 4),
(24, 4),
(28, 4),
(5, 5),
(9, 5),
(13, 5),
(17, 5),
(21, 5),
(25, 5),
(29, 5);

-- --------------------------------------------------------

--
-- 資料表結構 `tr_favorite_list`
--

CREATE TABLE `tr_favorite_list` (
  `favlist_id` int(11) NOT NULL,
  `user_id` int(11) NOT NULL,
  `tour_id` int(11) NOT NULL
) ENGINE=InnoDB DEFAULT CHARSET=latin1 COLLATE=latin1_swedish_ci;

--
-- 傾印資料表的資料 `tr_favorite_list`
--

INSERT INTO `tr_favorite_list` (`favlist_id`, `user_id`, `tour_id`) VALUES
(1, 1, 5),
(2, 3, 15),
(3, 2, 28),
(4, 4, 12),
(5, 1, 41),
(6, 3, 8),
(7, 2, 36),
(8, 4, 22),
(9, 1, 49),
(10, 3, 2),
(11, 2, 17),
(12, 4, 31),
(13, 1, 46),
(14, 3, 7),
(15, 2, 20),
(16, 4, 35),
(17, 1, 13),
(18, 3, 25),
(19, 2, 43),
(20, 4, 19),
(21, 1, 11),
(22, 3, 30),
(23, 2, 38),
(24, 4, 45),
(25, 1, 9),
(26, 3, 27),
(27, 2, 34),
(28, 4, 48),
(29, 1, 42),
(30, 3, 16),
(31, 2, 24),
(32, 4, 37),
(33, 1, 50),
(34, 3, 4),
(35, 2, 18),
(36, 4, 33),
(37, 1, 10),
(38, 3, 21),
(39, 2, 29),
(40, 4, 44),
(41, 1, 3),
(42, 3, 26),
(43, 2, 39),
(44, 4, 47),
(45, 1, 14),
(46, 3, 23),
(47, 2, 40),
(48, 4, 32),
(49, 1, 6),
(50, 10, 15);

-- --------------------------------------------------------

--
-- 資料表結構 `tr_level`
--

CREATE TABLE `tr_level` (
  `level_id` int(11) NOT NULL,
  `level_name` varchar(20) NOT NULL
) ENGINE=InnoDB DEFAULT CHARSET=utf8 COLLATE=utf8_general_ci;

--
-- 傾印資料表的資料 `tr_level`
--

INSERT INTO `tr_level` (`level_id`, `level_name`) VALUES
(1, '簡單'),
(2, '中等'),
(3, '困難');

-- --------------------------------------------------------

--
-- 資料表結構 `tr_location`
--

CREATE TABLE `tr_location` (
  `ruin_id` int(11) NOT NULL,
  `ruin_name` varchar(20) CHARACTER SET utf8 COLLATE utf8_general_ci NOT NULL,
  `area` int(11) NOT NULL,
  `city` int(11) NOT NULL,
  `ruin_address` varchar(100) CHARACTER SET utf8 COLLATE utf8_general_ci NOT NULL
) ENGINE=InnoDB DEFAULT CHARSET=latin1 COLLATE=latin1_swedish_ci;

--
-- 傾印資料表的資料 `tr_location`
--

INSERT INTO `tr_location` (`ruin_id`, `ruin_name`, `area`, `city`, `ruin_address`) VALUES
(1, '安和路飛碟屋', 1, 2, '台北市大安區敦化南路二段88號'),
(2, '頭汴坑警察官吏派出所', 2, 8, '臺中市太平區頭汴里長龍路2段11巷2號'),
(3, '飛宏象山國際聯誼中心', 1, 2, '台北市信義路五段150巷495號'),
(4, '社子大戲院', 1, 2, '台北市士林區社中街33巷3號'),
(5, '麗庭莊園', 1, 2, '台北市內湖區行忠路29號'),
(6, '中外百貨', 1, 2, '台北市中正區衡陽路120號'),
(7, '蘭州國宅', 1, 2, '台北市大同區昌吉街61巷35弄2號'),
(8, '陸軍保養廠', 1, 2, '台北市信義區'),
(9, '基隆路招待所', 1, 2, '台北市信義區基隆路一段366號'),
(10, '嘉禾新村', 1, 2, '台北市中正區永春街131巷1號'),
(11, '松山台鐵宿舍', 1, 2, '台北市信義區市民大道五段4號'),
(12, '義芳居古厝', 1, 2, '台北市大安區基隆路三段155巷128號'),
(13, '撫臺街洋樓', 1, 2, '台北市中正區延平南路26號'),
(14, '第二台北市議會大廈', 1, 2, '台北市中正區忠孝西路一段2號'),
(15, '北投亞太溫泉生活館', 1, 2, '台北市北投區溫泉路銀光巷21-2號'),
(16, '北溝故宮文物典藏山洞', 2, 8, '台中市霧峰區413'),
(17, '東平菸樓', 2, 8, '台中市太平區東平路'),
(18, '全安堂', 2, 8, '台中市中區臺灣大道一段145號'),
(19, '大勇街屋', 2, 8, '台中市東區大勇街'),
(20, '東宮戲院', 2, 8, '台中市東勢區豐勢路368號'),
(21, '中森戲院', 2, 8, '台中市北區成功路490號'),
(22, '烏日車站舊站長宿舍', 2, 8, ' 臺中市烏日區三民段561號'),
(23, '烏日警察官吏派出所', 2, 8, '臺中市烏日區三民街110號'),
(24, '大肚台地反空降堡', 2, 8, '台中市西屯區都會園路1215巷140號'),
(25, '臺中飛行場機槍堡', 2, 8, '臺中市北屯區經貿三路二段與經貿東路口'),
(26, '積善樓', 2, 8, '台中市北屯區興安路一段163號'),
(27, '台中鯊魚墳場', 2, 8, '台中市西屯區國際街60-2號'),
(28, '磺溪書院', 2, 8, '台中市大肚區文昌一街10號'),
(29, '繩繼堂', 2, 8, '台中市南屯區水碓巷6號'),
(30, '水湳菸樓', 2, 8, '台中市北屯區永和巷14-1號'),
(31, '台汽客運彰化總站', 2, 9, '彰化縣彰化市民生路420號'),
(32, '聚奎居', 2, 8, '台中市烏日區學田路405巷36號'),
(33, '霧峰民生診所', 2, 8, '台中市霧峰區中正路369號'),
(34, '千越大樓', 2, 8, '台中市中區綠川西街115號'),
(35, '中華會館臺東分社', 4, 17, '台東縣台東市中正路143號'),
(36, '富有大樓', 4, 17, '台東縣台東市光明路221號'),
(37, '加母子灣民宿', 4, 17, '台東東河鄉台11線往都蘭'),
(38, '池上五洲戲院', 4, 17, '台東縣池上鄉中華路20號'),
(39, '中華大戲院', 4, 17, '台東縣關山鎮民權路'),
(40, '知本崎仔頭廢棄診所(東興大戲院)', 4, 17, '台東縣台東市知本路'),
(41, '金星大戲院', 4, 17, '台東縣台東市知本路三段364號'),
(42, '台南西市場', 3, 14, '台南市中西區西門路二段與號正興街交界'),
(43, '新營成功戲院', 3, 14, '台南市新營區成功街10-12號號'),
(44, '關廟中央戲院', 3, 14, '台南市關廟區仁愛路18巷'),
(45, '白河雷諾瓦山莊', 3, 14, '台南市白河區關子嶺71號'),
(46, '杏林綜合醫院', 3, 14, '台南市中西區西門路一段512號'),
(47, '潮州劉家洋樓', 3, 16, '屏東縣潮州鎮彭城路176巷2號'),
(48, '培源殖產工廠', 3, 16, '940屏東縣枋寮鄉中山路二段361號'),
(49, '潮州九塊厝天主堂', 3, 16, '屏東縣潮州鎮復興路60-1號'),
(50, '雙溪口磚窯', 3, 13, '嘉義縣六腳鄉414之5');

-- --------------------------------------------------------

--
-- 資料表結構 `tr_tour`
--

CREATE TABLE `tr_tour` (
  `tour_id` int(11) NOT NULL,
  `user_id` int(11) NOT NULL,
  `ruin_id` int(11) NOT NULL,
  `event_date` date NOT NULL,
  `max_groupsize` int(11) NOT NULL,
  `event_period` int(11) NOT NULL,
  `level_id` int(11) NOT NULL,
  `video_url` varchar(255) NOT NULL,
  `title` varchar(100) CHARACTER SET utf8 COLLATE utf8_general_ci NOT NULL,
  `description` varchar(255) CHARACTER SET utf8 COLLATE utf8_general_ci NOT NULL,
  `content` text CHARACTER SET utf8 COLLATE utf8_general_ci NOT NULL,
  `created_at` timestamp NOT NULL DEFAULT current_timestamp() ON UPDATE current_timestamp()
) ENGINE=InnoDB DEFAULT CHARSET=latin1 COLLATE=latin1_swedish_ci;

--
-- 傾印資料表的資料 `tr_tour`
--

INSERT INTO `tr_tour` (`tour_id`, `user_id`, `ruin_id`, `event_date`, `max_groupsize`, `event_period`, `level_id`, `video_url`, `title`, `description`, `content`, `created_at`) VALUES
(1, 1, 2, '2024-02-28', 10, 2, 1, 'https://example.com/video1', '安和路飛碟屋的神秘冒險', '踏上一場穿越標誌性的安和路飛碟屋的神秘冒險。探索未來主義建築，揭開其牆壁中隱藏的秘密。', '深入探索飛碟屋的奧秘，我們的專業導遊將解說這個不尋常地標背後的故事，讓您的旅程變得非同凡響。', '2024-01-25 09:53:43'),
(2, 2, 4, '2024-03-05', 15, 3, 2, 'https://example.com/video2', '頭汴坑警察官吏派出所的歷史魅力', '在台中頭汴坑警察官吏派出所中體驗歷史的魅力。沉浸於這個標誌性地標豐富的歷史和獨特的建築特色中。', '在頭汴坑警察官吏派出所的大廳中漫步，我們的導遊將揭示其歷史和重要性。了解形塑這個歷史遺址的事件以及它在社區中的作用。', '2024-01-25 09:53:43'),
(3, 3, 6, '2024-03-12', 12, 4, 3, 'https://example.com/video3', '台北飛宏象山國際聯誼中心的文化匯聚', '加入台北飛宏象山國際聯誼中心的文化匯聚。沉浸於這個獨特場地多樣的文化活動和藝術氛圍中。', '體驗飛宏象山國際聯誼中心的充滿活力的氛圍，我們將探索其文化活動。從藝術展覽到互動活動，這次旅行承諾帶您走進創意的核心。', '2024-01-25 09:53:43'),
(4, 4, 8, '2024-03-18', 8, 2, 1, 'https://example.com/video4', '台北社子大戲院的戲劇奇蹟', '沉浸於台北歷史悠久的社子大戲院的戲劇奇蹟。見證舞台的莊嚴，重溫這座保存完好的劇場的黃金時代。', '踏入社子大戲院的娛樂世界，這裡的現場表演之魔力將讓您流連忘返。我們的導遊將分享著名製作的趣聞，以及這個戲劇寶石的文化重要性。', '2024-01-25 09:53:43'),
(5, 5, 10, '2024-03-25', 10, 3, 2, 'https://example.com/video5', '台北麗庭莊園的建築優雅', '踏上前往台北的麗庭莊園之旅，探索這個建築優雅的隱藏寶石。發現這個保存完好的莊園的歷史意義和迷人之處。', '漫步於麗庭莊園的大廳，我們的導遊將揭示其建築奇蹟。了解與這個優雅', '2024-01-25 09:53:43'),
(6, 20, 16, '2024-04-02', 8, 2, 1, 'https://example.com/video6', '中央宮殿購物中心的藝術探索', '在台北的中央宮殿購物中心展開一場藝術探索之旅。沉浸於這個標誌性的購物勝地中各種多樣的藝術裝置和創意展覽中。', '在中央宮殿購物中心探索藝術和商業的融合之處。我們的導遊將帶您穿越引人入勝的展覽，提供當地藝術場景的見解，以及每個展品背後獨特的故事。', '2024-01-25 09:53:43'),
(7, 32, 22, '2024-04-08', 12, 3, 2, 'https://example.com/video7', '烏日舊站長宿舍的歷史魅力', '穿越時光，探索烏日烏日舊站長宿舍的歷史魅力。揭示前站長的故事和這座保存完好的住宅的重要性。', '漫遊烏日舊站長宿舍的房間，當我們的導遊分享其過去的故事。了解它在鐵路早期歷史中所扮演的角色，以及使其成為永恆寶石的建築元素。', '2024-01-25 09:53:43'),
(8, 7, 30, '2024-04-15', 10, 4, 3, 'https://example.com/video8', '水湳市場的美食之旅', '在台中市北區的水湳市場展開美食之旅。沉醉於當地美食，了解傳統食材，並體驗台灣料理豐富的風味。', '品味水湳市場的美食之旅，我們將探索其美食攤位和隱藏的寶藏。從街頭小吃到傳統美食，這次旅行保證是一場令人愉悅的美食冒險。', '2024-01-25 09:53:43'),
(9, 4, 40, '2024-04-22', 15, 2, 1, 'https://example.com/video9', '知本溫泉的日落美景', '在台東的知本溫泉體驗令人驚嘆的日落美景。在恢復活力的溫泉中放鬆，目睹太陽在如畫的風景背後落下。', '沉浸在知本溫泉的寧靜中，當一天接近尾聲時。我們的導遊將分享溫泉的治療效益以及包圍這個田園詩般的度假勝地的自然之美。', '2024-01-25 09:53:43'),
(10, 12, 48, '2024-04-28', 10, 3, 2, 'https://example.com/video10', '潮州九塊厝劇院的文化遺產', '探索屏東潮州的九塊厝劇院的文化遺產。深入了解傳統表演、建築美學和這座標誌性劇院的持久傳奇。', '在九塊厝劇院欣賞傳統表演的魔力。我們的導遊將敘述曾經登上它的舞台的藝術家的故事，以及這座歷史劇院的文化意義。', '2024-01-25 09:53:43'),
(11, 1, 1, '2024-05-10', 10, 2, 1, 'https://example.com/video11', '安和路飛碟屋冒險', '在台北的安和路飛碟屋展開一場外星冒險。探索奇異的建築，揭開這個獨特住所周圍的神秘故事。', '加入我們一起探索飛碟屋，建築奇觀與未解之謎相遇。我們的導遊將分享目擊事件的故事以及這座標誌性建築的歷史。', '2024-01-25 09:59:03'),
(12, 2, 11, '2024-05-15', 8, 3, 2, 'https://example.com/video12', '松山站員宿的鐵道故事', '沉浸在台北松山站員宿的歷史魅力中。聆聽引人入勝的鐵道故事，發現曾經在這個地方居住過的人的故事。', '漫遊松山站員宿的走廊，當我們的導遊將您帶回到過去。了解鐵路工人的生活和這個宿舍在火車旅行的黃金時代中所扮演的關鍵角色。', '2024-01-25 09:59:03'),
(13, 3, 21, '2024-05-20', 12, 4, 3, 'https://example.com/video13', '劍南市場的烹飪遺產', '探索台北中山區劍南市場的烹飪遺產。沉浸在當地美食中，了解傳統食材，感受台灣美食豐富的風味。', '在劍南市場品味正宗的美味，當我們在其美食攤位中穿梭時。從街頭小吃到傳統菜餚，這次旅行承諾帶來美味的美食冒險。', '2024-01-25 09:59:03'),
(14, 4, 31, '2024-05-25', 15, 2, 1, 'https://example.com/video14', '嘉定溫泉的夕陽寧靜', '在台中的嘉定溫泉度過寧靜的夕陽時光。在治療性的溫泉中放鬆，目睹太陽在如畫的風景後落下。', '沉浸在嘉定溫泉的寧靜氛圍中，當一天接近尾聲。我們的導遊將分享溫泉的療效和包圍這個田園般度假勝地的自然之美。', '2024-01-25 09:59:03'),
(15, 5, 41, '2024-05-30', 10, 3, 2, 'https://example.com/video15', '潮州戲院的文化探索', '深入屏東的潮州戲院文化遺產。探索傳統表演的歷史、建築美學和這座標誌性劇院的持久影響。', '在潮州戲院欣賞迷人的表演。我們的導遊將講述曾經登臺的藝術家的故事，以及這座歷史劇院的文化重要性。', '2024-01-25 09:59:03'),
(16, 6, 5, '2024-06-05', 8, 2, 1, 'https://example.com/video16', '台北內湖麗庭莊園的迷人花園', '探索台北內湖麗庭莊園迷人的花園。漫步於充滿活力的風景中，了解使這個莊園成為城市中的隱藏寶石的植物奇蹟。', '在我們的導遊揭示其郁郁蔥蔥的綠意背後，體驗麗庭莊園花園的美麗。從罕見的植物到精心布置的區域，這次旅行提供了一場進入自然的寧靜之旅。', '2024-01-25 09:59:03'),
(17, 7, 15, '2024-06-10', 10, 3, 2, 'https://example.com/video17', '士林的社子戲院劇場歷史', '揭開社子戲院的戲劇歷史。探索這座歷史劇院的建築奇蹟和引人入勝的故事。', '在社子戲院時光倒流，當我們的導遊分享其豐富歷史中的趣聞。了解這個珍愛場所的標誌性表演和文化重要性。', '2024-01-25 09:59:03'),
(18, 8, 25, '2024-06-15', 12, 4, 3, 'https://example.com/video18', '北屯吉山磚窯的古老智慧', '探索保存在台中北屯的吉山磚窯中的古老智慧。了解傳統的製磚技術和這個歷史遺址的文化重要性。', '穿越吉山磚窯的歷史，當我們的導遊解釋製磚的複雜過程。發現嵌入每塊古老磚塊中的文化遺產。', '2024-01-25 09:59:03'),
(19, 9, 35, '2024-06-20', 15, 2, 1, 'https://example.com/video19', '台東富有溫泉的月光浪漫', '在台東富有溫泉的月光中沉浸於浪漫之旅。在月光下享受舒緩的熱泉水，沉浸在這個風景如畫的度假勝地的浪漫氛圍中。', '在月光下，體驗富有溫泉的魔法。我們的導遊將分享關於浪漫邂逅的故事和環繞這個迷人目的地的自然之美。', '2024-01-25 09:59:03'),
(20, 10, 45, '2024-06-25', 10, 3, 2, 'https://example.com/video20', '台南白河雷諾薩莊園的歷史奇蹟', '踏入台南白河雷諾薩莊園的歷史奇蹟。探索這個保存完好的莊園的建築宏偉和歷史意義。', '在雷諾薩莊園的走廊中漫步，當我們的導遊揭示了其輝煌過去的故事。了解曾經在此居住的重要人物和每個角落中持續存在的文化遺產。', '2024-01-25 09:59:03'),
(21, 1, 1, '2024-07-05', 8, 2, 1, 'https://example.com/video21', '探索外星生命在飛碟屋', '踏上探索飛碟屋神秘之旅，解開台北安和路的外星生命之謎。', '加入我們一起探索飛碟屋，這座獨特的建築奇蹟充滿著目擊事件和無法解釋的現象的故事。我們的導遊將分享遭遇的故事以及這座標誌性建築的歷史。', '2024-01-25 10:12:59'),
(22, 2, 12, '2024-07-10', 10, 3, 2, 'https://example.com/video22', '半揹派出所的歷史故事', '沉浸於台中半揹派出所的歷史魅力，聆聽引人入勝的故事，探索曾在此服務的人們的生活。', '隨著我們的導遊穿越派出所的走廊，回到過去。聽聞警官的職責以及他們在這座歷史標誌中面臨的挑戰。', '2024-01-25 10:12:59'),
(23, 3, 26, '2024-07-15', 12, 4, 3, 'https://example.com/video23', '飛宏象山國際聯誼中心的冒險', '在台北的飛宏象山國際聯誼中心展開一場冒險。探索這個獨特地點的風景之美和文化意義。', '在大象山探險，我們將穿越其步道，發現令人驚歎的景色。我們的導遊將分享這個中心文化重要性的見解以及其建立背後的故事。', '2024-01-25 10:12:59'),
(24, 4, 4, '2024-07-20', 15, 2, 1, 'https://example.com/video24', '社子大戲院的戲劇奇蹟', '在台北體驗社子大戲院的戲劇奇蹟。探索這座歷史劇院的建築奇蹟和引人入勝的故事。', '踏入社子大劇院的莊嚴中，我們的導遊將分享其豐富歷史的趣聞。了解這座心愛場所的標誌性演出和文化重要性。', '2024-01-25 10:12:59'),
(25, 5, 9, '2024-07-25', 10, 3, 2, 'https://example.com/video25', '內湖麗庭莊園的靜謐花園', '探索台北內湖麗庭莊園的寧靜花園。漫步在蒼翠的景觀中，了解使這座莊園成為城市中的隱世寶石的植物奇觀。', '在麗庭莊園的花園中感受寧靜，我們的導遊將揭示其綠意背後的秘密。從罕見的植物到精心設計的區域，這次旅行提供了一場和大自然融為一體的寧靜之旅。', '2024-01-25 10:12:59'),
(26, 6, 16, '2024-07-30', 8, 2, 1, 'https://example.com/video26', '中環百貨的冒險', '在台北中環百貨展開一場冒險。深入了解這座標誌性購物地點的歷史意義和建築奇蹟。', '在中環百貨中發現寶藏，當我們探索它的樓層。我們的導遊將分享有關其建立和購物體驗演變的故事。', '2024-01-25 10:12:59'),
(27, 7, 27, '2024-08-05', 10, 3, 2, 'https://example.com/video27', '蘭州國宅的探索', '揭開台北蘭州國宅的歷史。探索這個公共住宅建築的設計和文化意義。', '踏入蘭州社區，我們的導遊將講述居民的故事和台北公共住宅獨特特色。了解這個城市環境中蓬勃發展的社區精神。', '2024-01-25 10:12:59'),
(28, 8, 36, '2024-08-10', 12, 4, 3, 'https://example.com/video28', '精善窯的軍事遺產', '探索台中北屯的精善窯所保留的軍事遺產。了解這個獨特窯的歷史意義和傳統技術。', '穿越精善窯的歷史，我們的導遊將解釋製磚的複雜過程。發現這座古老窯中每塊磚中蘊含的文化遺產。', '2024-01-25 10:12:59'),
(29, 9, 14, '2024-08-15', 15, 2, 1, 'https://example.com/video29', '北投溫泉的月光之戀', '在台北北投溫泉沐浴在月光下的浪漫之旅。享受月光下溫泉的舒緩，沉浸在這個風景優美的度假勝地的浪漫氛圍中。', '體驗北投溫泉的魔力，當月光照亮寧靜的水域。我們的導遊將分享浪漫邂逅的故事和環繞這個迷人目的地的自然之美。', '2024-01-25 10:12:59'),
(30, 10, 33, '2024-08-20', 10, 3, 2, 'https://example.com/video30', '嘉瑞莊莊園的歷史意義', '踏入台南白河的嘉瑞莊莊園的歷史意義。探索其建築宏偉之處，了解曾經在這座保存完好的莊莊園居住的傑出人物。', '在嘉瑞莊莊園的走廊中遊走，我們的導遊將揭示其輝煌過去的故事。發現在這座歷史奇蹟的每個角落都存在的文化遺產。', '2024-01-25 10:12:59'),
(31, 11, 24, '2024-08-25', 8, 2, 1, 'https://example.com/video31', '大肚山堡的歷史地標', '探索台中大肚山堡的歷史地標。深入研究這座戰略性堡壘的軍事歷史和建築奇蹟。', '當我們的導遊展開其歷史重要性的故事時，目睹大肚山堡的壯麗。了解它在保護該地區中所扮演的戰略重要性。', '2024-01-25 10:12:59'),
(32, 12, 25, '2024-08-30', 10, 3, 2, 'https://example.com/video32', '中山夜市的美食之旅', '在台北中山夜市享受美食之旅。品味當地美食，探索美食攤位，體驗這個標誌性夜市的熱鬧氛圍。', '在中山夜市品味美食，我們的導遊將介紹當地的美食和這個繁忙市場的豐富烹飪遺產。', '2024-01-25 10:12:59'),
(33, 13, 17, '2024-09-05', 12, 4, 3, 'https://example.com/video33', '霧峰佳德莊園的鄉村撤退', '在台中霧峰佳德莊園尋找鄉村撤退。沉浸在大自然的寧靜中，發現定義這片風景之地的農業實踐。', '漫步在佳德莊園的田野中，我們的導遊將分享可持續農業實踐的見解。體驗鄉村生活的迷人之處和鄉村的美麗。', '2024-01-25 10:12:59'),
(34, 14, 8, '2024-09-10', 15, 2, 1, 'https://example.com/video34', '富友溫泉的月光寧靜', '在台東富友溫泉沐浴在月光下的寧靜中。在月光下放鬆身心，沐浴在這個迷人目的地的寧靜氛圍中。', '體驗富友溫泉的寧靜，當月光照亮寧靜的水域。我們的導遊將分享放鬆和這個迷人目的地的自然之美的故事。', '2024-01-25 10:12:59'),
(35, 15, 29, '2024-09-15', 10, 3, 2, 'https://example.com/video35', '興座劇院的歷史敘事', '深入探討台中興座劇院的歷史敘事。探索這座歷史劇院的建築美學和引人入勝的故事。', '在興座劇院穿越時光，我們的導遊將分享其豐富歷史的趣聞。了解這座心愛場所的標誌性演出和文化重要性。', '2024-01-25 10:12:59'),
(36, 16, 39, '2024-09-20', 8, 2, 1, 'https://example.com/video36', '金谷堂的藝術精髓', '在屏東金谷堂發現藝術精髓。探索這個標誌性場所的文化遺產、藝術展示和持久的傳承。', '目睹金谷堂迷人的藝術品，我們的導遊將敘述展品背後的故事和這座歷史場所的文化意義。', '2024-01-25 10:12:59'),
(37, 17, 3, '2024-09-25', 10, 3, 2, 'https://example.com/video37', '潮州戲院的神秘之旅', '揭開屏東潮州戲院的神秘。探索這座歷史劇院的隱藏角落、建築奇蹟和環繞它的引人入勝的故事。', '在潮州戲院的發現之旅。我們的導遊將揭示使這座劇院成為獨特文化寶石的秘密和神秘。', '2024-01-25 10:12:59'),
(38, 18, 22, '2024-09-30', 12, 4, 3, 'https://example.com/video38', '烏日龍山窯的傳統工藝', '在台中烏日龍山窯探索傳統工藝。了解精湛的陶藝技術和這座歷史窯的文化重要性。', '穿越烏日龍山窯的歷史，我們的導遊將解釋製陶的藝術。發現這座古老窯中每一件創作的文化遺產。', '2024-01-25 10:12:59'),
(39, 19, 32, '2024-10-05', 15, 2, 1, 'https://example.com/video39', '宜蘭溫泉的迷人夜晚', '在宜蘭溫泉度過一個迷人的夜晚。沉浸在舒緩的溫泉水中，享受這個風景如畫的溫泉勝地的寧靜。', '在宜蘭溫泉放鬆身心，我們的導遊將分享溫泉的療效。在這個田園般的環境中沐浴在寧靜的氛圍中，與大自然連結。', '2024-01-25 10:12:59'),
(40, 20, 43, '2024-10-10', 10, 3, 2, 'https://example.com/video40', '新營市場的文化融合', '深入探索台南新營市場的文化融合。探索各種各樣的攤位，品味獨特的風味，見證定義這個充滿活力市場的文化交流。', '在新營市場品味文化豐富性，我們穿越繁忙的小巷。從當地美食到手工藝品，這次旅行保證帶來愉悅的文化融合體驗。', '2024-01-25 10:12:59'),
(41, 21, 14, '2024-10-15', 8, 2, 1, 'https://example.com/video41', '安平古堡的海事歷史', '沉浸於台南安平古堡的海事歷史。探索堡壘的建築，了解海軍遺產，欣賞海岸線的全景。', '在安平古堡，隨著我們的導遊敘述在其城牆內展開的海事歷史，時光倒流。發現這座歷史古堡的戰略重要性和迷人的故事。', '2024-01-25 10:12:59'),
(42, 22, 5, '2024-10-20', 10, 3, 2, 'https://example.com/video42', '饒河夜市的美食探險', '在台北饒河夜市展開美食探險。品嚐各種街頭美食，體驗當地風味，沉浸在這個著名夜市的熱鬧氛圍中。', '在饒河夜市滿足您的美食渴望，我們將探索其多樣的美食攤位。我們的導遊將向您介紹標誌性的菜餚，並分享市場豐富的烹飪傳統故事。', '2024-01-25 10:12:59'),
(43, 23, 18, '2024-10-25', 12, 4, 3, 'https://example.com/video43', '國立台灣美術館的藝術之旅', '在台中國立台灣美術館展開藝術之旅。探索當代藝術品，欣賞多樣的展覽，深入了解台灣豐富的藝術風景。', '沉浸於國立台灣美術館的藝術世界。我們的導遊將為展出的藝術品提供背景，並分享博物館在促進文化創意方面的角色。', '2024-01-25 10:12:59'),
(44, 24, 31, '2024-10-30', 15, 2, 1, 'https://example.com/video44', '清水斷崖的寧靜退卻', '在台灣東海岸體驗清水斷崖的寧靜退卻。欣賞令人屏息的海岸線美景，探索風景優美的小徑，在這片寧靜的環境中與大自然連結。', '在清水斷崖的寧靜中放鬆身心，我們的導遊將介紹其自然奇觀。了解這個風景如畫的懸崖地點的地質形成和文化重要性。', '2024-01-25 10:12:59'),
(45, 25, 11, '2024-11-05', 10, 3, 2, 'https://example.com/video45', '台南五妃廟的歷史探險', '深入探討台南五妃廟的歷史探險。發現廟宇的建築之美，了解宗教傳統，沉浸在這個神聖地點的精神氛圍中。', '探索五妃廟豐富的歷史，我們的導遊將分享其建立和文化重要性的故事。見證傳統儀式，欣賞廟宇的精緻細節。', '2024-01-25 10:12:59'),
(46, 26, 35, '2024-11-10', 8, 2, 1, 'https://example.com/video46', '台南赤崁樓的文化遺產', '發現台南赤崁樓的文化遺產。探索這個標誌性地標的歷史意義、建築優雅和引人入勝的故事。', '踏入赤崁樓的歷史，我們的導遊將揭示其文化重要性的故事。了解塑造該地區的歷史事件，欣賞樓塔的建築宏偉。', '2024-01-25 10:12:59'),
(47, 27, 21, '2024-11-15', 10, 3, 2, 'https://example.com/video47', '鹿港老街的傳統節慶', '在彰化鹿港老街體驗傳統節慶。沉浸在熱鬧的氛圍中，觀賞文化表演，探索這條歷史老街的魅力。', '在鹿港老街慶祝傳統的精神，我們漫步在其充滿活力的巷弄中。我們的導遊將分享對節慶儀式和這個迷人目的地文化遺產的深入見解。', '2024-01-25 10:12:59'),
(48, 28, 46, '2024-11-20', 12, 4, 3, 'https://example.com/video48', '台南嘉定媽祖廟的神聖場所', '參觀台南嘉定媽祖廟的神聖場所。探索廟宇的建築，參與宗教儀式，了解媽祖崇拜的深厚文化意義。', '在嘉定媽祖廟感受神聖的氛圍，我們的導遊將提供對媽祖崇拜的深入見解。見證傳統儀式，沉浸在這座受尊崇的廟宇的精神氛圍中。', '2024-01-25 10:12:59'),
(49, 29, 1, '2024-11-25', 15, 2, 1, 'https://example.com/video49', '淡水漁人碼頭的日落小夜曲', '在淡水漁人碼頭享受日落小夜曲。在海濱放鬆，欣賞海岸線美景，聆聽現場音樂，太陽在地平線上落下。', '在淡水漁人碼頭欣賞夕陽之美，我們的導遊將以現場音樂營造氛圍。了解這個海濱地點的文化重要性，並在夜幕降臨的背景下創造美好回憶。', '2024-01-25 10:12:59'),
(50, 30, 15, '2024-11-30', 10, 3, 2, 'https://example.com/video50', '台北林本源園邸的建築奇蹟', '在台北探索林本源園邸的建築奇蹟。漫步於古典中國花園中，欣賞歷史建築，了解林家的影響力。', '踏入林本源園邸的優雅，我們的導遊將揭示其建築之美和歷史軼事。發現林家的遺產以及這座保存完好的別墅的文化重要性。', '2024-01-25 10:12:59');

-- --------------------------------------------------------

--
-- 資料表結構 `tr_tour_comment`
--

CREATE TABLE `tr_tour_comment` (
  `tour_comment_id` int(11) NOT NULL,
  `user_id` int(11) NOT NULL,
  `tour_id` int(11) NOT NULL,
  `comment_content` text CHARACTER SET utf8 COLLATE utf8_general_ci NOT NULL,
  `comment_parent_id` varchar(11) DEFAULT NULL,
  `comment_time` timestamp NOT NULL DEFAULT current_timestamp() ON UPDATE current_timestamp()
) ENGINE=InnoDB DEFAULT CHARSET=latin1 COLLATE=latin1_swedish_ci;

--
-- 傾印資料表的資料 `tr_tour_comment`
--

INSERT INTO `tr_tour_comment` (`tour_comment_id`, `user_id`, `tour_id`, `comment_content`, `comment_parent_id`, `comment_time`) VALUES
(1, 2, 1, '以前年輕的時候還去拍照，體質比較特別還帶了一些靈魂回來XD', NULL, '2024-01-17 09:39:30'),
(2, 1, 1, '天哪!妳那時一定嚇壞了吧？', '1', '2024-01-17 09:47:08'),
(3, 4, 1, '小時候在台東知本溫泉大飯店也有飛碟屋', NULL, '2024-01-17 09:47:08'),
(4, 3, 1, '民國79年我在台東住過飛碟屋。可能客人很少，棉被都是潮濕的霉味，因此再也沒有住第二次了。', '3', '2024-01-17 09:56:03'),
(5, 5, 1, '可惜連飯店都消失了，飯店前還有尿尿小童，真的是老台東人的回憶啊', '3', '2024-01-17 09:52:35'),
(6, 10, 1, '這個是我以前阿嬤住的地方~~', NULL, '2024-01-17 09:54:29'),
(7, 1, 1, '哇請問裡面是什麼樣子?謝謝', '6', '2024-01-17 09:54:29'),
(8, 15, 1, '我就記得這裡原本是幼稚園!謝謝您的分享~~', '6', '2024-01-17 09:55:27'),
(10, 1, 2, '這裡看起來好像很有趣，下次有機會一定要去走走。', NULL, '2024-01-20 07:30:45'),
(11, 3, 1, '哇，這麼有趣的地方，我也好想去體驗一下！', NULL, '2024-01-21 01:45:12'),
(12, 2, 4, '好特別的回憶，謝謝分享！', NULL, '2024-01-21 04:15:22'),
(13, 4, 3, '我也曾經在年輕的時候去過類似的地方，感覺真的很奇妙。', NULL, '2024-01-22 00:20:18'),
(14, 5, 5, '這個地方好像很有故事，有機會我也要去看看！', NULL, '2024-01-22 02:55:30'),
(15, 6, 10, '真的嗎？這樣很有趣，謝謝您的分享！', NULL, '2024-01-23 06:40:15'),
(16, 7, 1, '我對於這種古老的建築都很感興趣，下次也想去參觀一下。', NULL, '2024-01-23 08:25:40'),
(17, 8, 15, '我以前也曾住過這裡，感覺好懷念！', NULL, '2024-01-24 01:10:55'),
(18, 9, 2, '這裡的回憶讓我想起了許多年前的事情，真是感慨。', NULL, '2024-01-24 03:20:30'),
(19, 10, 1, '對於這樣的古蹟，總是充滿了謎團，我也想去一探究竟！', NULL, '2024-01-24 06:15:10'),
(20, 11, 4, '我喜歡這種充滿歷史感的地方，一定要去看看！', NULL, '2024-01-25 01:30:45'),
(21, 12, 3, '真的嗎？這麼有趣的地方，我也要去體驗一番！', NULL, '2024-01-25 04:40:22'),
(22, 13, 5, '這裡看起來很有趣，好像可以找到許多有趣的事情！', NULL, '2024-01-25 07:18:18'),
(23, 14, 10, '我也曾經在這裡住過，回憶很深刻。', NULL, '2024-01-25 10:05:30'),
(24, 15, 1, '這裡的建築真的很獨特，我想要親身體驗一下！', NULL, '2024-01-25 12:30:15'),
(25, 16, 2, '看起來好像有點神秘，我也想去感受一下那種氛圍！', NULL, '2024-01-26 02:15:40'),
(26, 17, 3, '我也有類似的回憶，真的很有趣呢！', NULL, '2024-01-26 04:40:55'),
(27, 18, 4, '我喜歡這樣的地方，總是能夠找到不同的驚喜。', NULL, '2024-01-26 07:20:30'),
(28, 19, 5, '我想要去看看，聽起來好像很好玩的樣子！', NULL, '2024-01-27 01:35:45'),
(29, 20, 1, '這裡真的是個寶藏，謝謝分享！', NULL, '2024-01-27 03:50:22'),
(30, 21, 10, '我也曾經在這裡玩過，好懷念的回憶。', NULL, '2024-01-27 06:15:18'),
(31, 22, 2, '這個地方的歷史真的很豐富，我也想要去看看！', NULL, '2024-01-27 09:05:30'),
(32, 23, 3, '好像是個很有趣的地方，下次一定要去參觀一下。', NULL, '2024-01-28 01:20:15'),
(33, 24, 4, '我也曾住在這個地方，真的是充滿了美好的回憶。', NULL, '2024-01-28 03:30:45'),
(34, 25, 5, '這裡的風景真的很美，一定要去看看！', NULL, '2024-01-28 06:15:22'),
(35, 26, 10, '我對於這樣的歷史建築非常感興趣，下次去看看！', NULL, '2024-01-28 08:40:18'),
(36, 27, 1, '我也曾經在這裡住過，真的很有趣。', NULL, '2024-01-29 02:55:30'),
(37, 28, 2, '這裡的歷史應該很有深度，一定要去了解一下。', NULL, '2024-01-29 04:20:15'),
(38, 29, 3, '好特別的地方，我也好想親自去看看！', NULL, '2024-01-29 07:10:45'),
(39, 30, 4, '這裡的氛圍一定很特別，下次我也要去感受一下。', NULL, '2024-01-30 01:35:22'),
(40, 31, 5, '我也曾在這裡留下過美好的回憶。', NULL, '2024-01-30 03:50:18'),
(41, 32, 10, '這裡好像充滿了神秘感，我也想要去感受一下！', NULL, '2024-01-30 06:15:30'),
(42, 33, 1, '這裡的建築真的很獨特，值得一遊！', NULL, '2024-01-31 02:30:15'),
(43, 34, 2, '我也曾在這裡度過一段美好的時光。', NULL, '2024-01-31 04:45:45'),
(44, 35, 3, '這裡的歷史應該很豐富，有機會我也要去看看！', NULL, '2024-01-31 07:20:22'),
(45, 36, 4, '這個地方真的是個寶藏，謝謝分享！', NULL, '2024-02-01 01:35:30'),
(46, 37, 5, '我也曾在這裡遊玩，真的很有趣。', NULL, '2024-02-01 03:50:15'),
(47, 38, 10, '這裡的風景應該很美，我也要去感受一下！', NULL, '2024-02-01 06:15:45'),
(48, 39, 1, '好像是個很特別的地方，下次一定要去探索一下。', NULL, '2024-02-01 09:05:22'),
(49, 40, 2, '這裡真的是個古老的寶藏，我也想要去挖寶！', NULL, '2024-02-02 02:20:18'),
(50, 41, 3, '我也曾在這裡留下過一段美好的回憶。', NULL, '2024-02-02 04:30:30'),
(51, 42, 4, '這裡的歷史應該很豐富，我也要去好好了解一下！', NULL, '2024-02-02 07:15:15');

-- --------------------------------------------------------

--
-- 資料表結構 `tr_tour_images`
--

CREATE TABLE `tr_tour_images` (
  `tour_img_id` int(11) NOT NULL,
  `tour_id` int(11) NOT NULL,
  `image_url` varchar(255) NOT NULL
) ENGINE=InnoDB DEFAULT CHARSET=latin1 COLLATE=latin1_swedish_ci;

--
-- 傾印資料表的資料 `tr_tour_images`
--

INSERT INTO `tr_tour_images` (`tour_img_id`, `tour_id`, `image_url`) VALUES
(1, 1, 'https://media.nownews.com/nn_media/thumbnail/2020/08/%E9%A3%9B%E7%A2%9F%E5%B1%8B%E9%81%BA%E5%9D%80Photo-courtesy-of-@sophyhaha2Instagram-768x403.jpg?unShow=true&waterMark=false'),
(2, 1, 'https://media.nownews.com/nn_media/thumbnail/2023/09/1694346169814-0d433ae5b67a4e31a4cd378c3c0a823a-800x600.webp?unShow=false&waterMark=false'),
(3, 1, 'https://www.popdaily.com.tw/shaper/u/202010/37592223-53d9-4af6-b638-b29087712bf1.jpg?resize-w=900&resize-h=468'),
(4, 3, 'https://media.gq.com.tw/photos/64f54386a36011089240b0ff/master/w_1600,c_limit/2259569060_641ac11b42_o.jpg'),
(5, 3, 'https://media.gq.com.tw/photos/64f54389a36011089240b100/master/w_1600,c_limit/2421272739_9c099cdcf4_o.jpg'),
(6, 2, 'https://www.tchac.taichung.gov.tw/uploads/tchac/information/large/b9869975-e93e-4c4d-8de4-443b0b0c1d22.jpg'),
(7, 3, 'https://media.gq.com.tw/photos/64f54387e9837e8a691a7e84/master/w_1600,c_limit/1244017320'),
(8, 2, 'https://spectralcodex.com/x/2023/03/taiwan-taichung-taiping-toubiankeng-police-station-9-900x600.jpg'),
(9, 4, 'https://spectralcodex.com/x/taiwan-pingtung-chaozhou-catholic-church-1-1200x800.jpg'),
(10, 4, 'https://spectralcodex.com/x/taiwan-pingtung-chaozhou-catholic-church-2-1200x800.jpg'),
(11, 4, 'https://spectralcodex.com/x/taiwan-pingtung-chaozhou-catholic-church-3.jpg'),
(12, 4, 'https://spectralcodex.com/x/taiwan-pingtung-chaozhou-catholic-church-4-900x900.jpg'),
(13, 4, 'https://spectralcodex.com/x/taiwan-pingtung-chaozhou-catholic-church-5-900x600.jpg'),
(14, 4, 'https://spectralcodex.com/x/taiwan-pingtung-chaozhou-catholic-church-6-900x600.jpg'),
(15, 4, 'https://spectralcodex.com/x/taiwan-pingtung-chaozhou-catholic-church-7.jpg'),
(16, 4, 'https://spectralcodex.com/x/taiwan-pingtung-chaozhou-catholic-church-8-1200x800.jpg'),
(17, 5, 'https://spectralcodex.com/x/taiwan-tainan-city-old-ximen-market-1-1200x800.jpg'),
(18, 5, 'https://spectralcodex.com/x/taiwan-tainan-city-old-ximen-market-2-1200x800.jpg'),
(19, 5, 'https://spectralcodex.com/x/taiwan-tainan-city-old-ximen-market-3-1200x800.jpg'),
(20, 5, 'https://spectralcodex.com/x/taiwan-tainan-city-old-ximen-market-5-1200x800.jpg'),
(21, 5, 'https://spectralcodex.com/x/taiwan-tainan-city-old-ximen-market-4-675x450.jpg'),
(22, 5, 'https://spectralcodex.com/tainan-west-market/a-rare-five-digit-phone-number-in-tainan/'),
(23, 5, 'https://spectralcodex.com/x/taiwan-tainan-city-old-ximen-market-14-1200x800.jpg'),
(24, 5, 'https://spectralcodex.com/x/taiwan-tainan-city-old-ximen-market-8-1200x800.jpg'),
(25, 5, 'https://spectralcodex.com/x/taiwan-tainan-city-old-ximen-market-7-1800x1200.jpg'),
(26, 5, 'https://spectralcodex.com/x/taiwan-tainan-city-old-ximen-market-25-1200x800.jpg'),
(27, 5, 'https://spectralcodex.com/x/taiwan-tainan-city-old-ximen-market-24-1200x800.jpg'),
(28, 5, 'https://spectralcodex.com/x/taiwan-tainan-city-old-ximen-market-23-1200x800.jpg'),
(29, 5, 'https://spectralcodex.com/x/taiwan-tainan-city-old-ximen-market-9-1200x800.jpg'),
(30, 5, 'https://spectralcodex.com/x/taiwan-tainan-city-old-ximen-market-16-1200x800.jpg'),
(31, 5, 'https://spectralcodex.com/x/taiwan-tainan-city-old-ximen-market-10-1200x800.jpg'),
(32, 5, 'https://spectralcodex.com/x/taiwan-tainan-city-old-ximen-market-11-1200x800.jpg'),
(33, 5, 'https://spectralcodex.com/x/taiwan-tainan-city-old-ximen-market-12-675x450.jpg'),
(34, 5, 'https://spectralcodex.com/x/taiwan-tainan-city-old-ximen-market-13-675x450.jpg'),
(35, 5, 'https://spectralcodex.com/x/taiwan-tainan-city-old-ximen-market-17-1200x1800.jpg'),
(36, 5, 'https://spectralcodex.com/x/taiwan-tainan-city-old-ximen-market-19-1200x800.jpg'),
(37, 5, 'https://spectralcodex.com/x/taiwan-tainan-city-old-ximen-market-20-675x1013.jpg'),
(38, 5, 'https://spectralcodex.com/x/taiwan-tainan-city-old-ximen-market-22-1200x800.jpg'),
(39, 5, 'https://spectralcodex.com/x/2015/07/taiwan-tainan-west-market-2021-3-1200x800.jpg'),
(40, 6, 'https://spectralcodex.com/x/taiwan-tainan-guanziling-renoir-resort-club-2-1200x800.jpg'),
(41, 6, 'https://spectralcodex.com/x/taiwan-tainan-guanziling-renoir-resort-club-3-1200x800.jpg'),
(42, 6, 'https://spectralcodex.com/x/taiwan-tainan-guanziling-renoir-resort-club-4-1200x1800.jpg'),
(43, 6, 'https://spectralcodex.com/x/taiwan-tainan-guanziling-renoir-resort-club-5-1200x800.jpg'),
(44, 6, 'https://spectralcodex.com/x/taiwan-tainan-guanziling-renoir-resort-club-8-1200x800.jpg'),
(45, 6, 'https://spectralcodex.com/x/taiwan-tainan-guanziling-renoir-resort-club-6-1200x800.jpg'),
(46, 6, 'https://spectralcodex.com/x/taiwan-tainan-guanziling-renoir-resort-club-9-1200x800.jpg'),
(47, 6, 'https://spectralcodex.com/x/taiwan-tainan-guanziling-renoir-resort-club-10-1200x800.jpg'),
(48, 6, 'https://spectralcodex.com/x/taiwan-tainan-guanziling-renoir-resort-club-12-1200x1800.jpg'),
(49, 6, 'https://spectralcodex.com/x/taiwan-tainan-guanziling-renoir-resort-club-11-1200x800.jpg'),
(50, 6, 'https://spectralcodex.com/x/taiwan-tainan-guanziling-renoir-resort-club-14-675x450.jpg');

-- --------------------------------------------------------

--
-- 資料表結構 `tr_tour_members`
--

CREATE TABLE `tr_tour_members` (
  `members_id` int(11) NOT NULL,
  `user_id` int(11) NOT NULL,
  `tour_id` int(11) NOT NULL
) ENGINE=InnoDB DEFAULT CHARSET=latin1 COLLATE=latin1_swedish_ci;

--
-- 傾印資料表的資料 `tr_tour_members`
--

INSERT INTO `tr_tour_members` (`members_id`, `user_id`, `tour_id`) VALUES
(1, 1, 1),
(2, 2, 2),
(3, 3, 3),
(4, 4, 1),
(5, 5, 2),
(6, 6, 2),
(7, 7, 1),
(8, 8, 3),
(9, 9, 2),
(10, 10, 2),
(11, 11, 3),
(12, 12, 3),
(13, 13, 3),
(14, 14, 3),
(15, 15, 1),
(16, 16, 1),
(17, 17, 1),
(18, 18, 1),
(19, 19, 1),
(20, 20, 1),
(21, 21, 1),
(22, 22, 2),
(23, 23, 2),
(24, 24, 2),
(25, 25, 2),
(26, 26, 2),
(27, 27, 2),
(28, 28, 2),
(29, 29, 2),
(30, 30, 2),
(31, 31, 2),
(32, 32, 4),
(33, 33, 4),
(34, 34, 4),
(35, 35, 4),
(36, 36, 4),
(37, 37, 4),
(38, 38, 4),
(39, 39, 4),
(40, 40, 4),
(41, 1, 4),
(42, 2, 4),
(43, 3, 4),
(44, 4, 4),
(45, 5, 5),
(46, 6, 5),
(47, 7, 5),
(48, 8, 5),
(49, 9, 5),
(50, 10, 5);

--
-- 已傾印資料表的索引
--

--
-- 資料表索引 `ca_cart`
--
ALTER TABLE `ca_cart`
  ADD PRIMARY KEY (`cart_id`),
  ADD KEY `FK_ID` (`item_id`);

--
-- 資料表索引 `ca_category`
--
ALTER TABLE `ca_category`
  ADD PRIMARY KEY (`category_id`);

--
-- 資料表索引 `ca_merchandise`
--
ALTER TABLE `ca_merchandise`
  ADD PRIMARY KEY (`item_id`),
  ADD KEY `FK_Reference` (`category_id`);

--
-- 資料表索引 `ca_orders`
--
ALTER TABLE `ca_orders`
  ADD PRIMARY KEY (`order_id`);

--
-- 資料表索引 `ca_order_detail`
--
ALTER TABLE `ca_order_detail`
  ADD PRIMARY KEY (`order_detail_id`);

--
-- 資料表索引 `gm_coupon`
--
ALTER TABLE `gm_coupon`
  ADD PRIMARY KEY (`coupon_id`);

--
-- 資料表索引 `gm_mission`
--
ALTER TABLE `gm_mission`
  ADD PRIMARY KEY (`#`);

--
-- 資料表索引 `gm_skin`
--
ALTER TABLE `gm_skin`
  ADD PRIMARY KEY (`skin_id`);

--
-- 資料表索引 `gm_user_achieved`
--
ALTER TABLE `gm_user_achieved`
  ADD PRIMARY KEY (`user_achieved_id`);

--
-- 資料表索引 `live_get_point`
--
ALTER TABLE `live_get_point`
  ADD PRIMARY KEY (`get_point_id`);

--
-- 資料表索引 `live_sticker_inventory`
--
ALTER TABLE `live_sticker_inventory`
  ADD PRIMARY KEY (`sticker_inventory_id`);

--
-- 資料表索引 `mb_activity_log`
--
ALTER TABLE `mb_activity_log`
  ADD PRIMARY KEY (`id`),
  ADD KEY `fk_team_member_id` (`fk_team_member_id`);

--
-- 資料表索引 `mb_permission`
--
ALTER TABLE `mb_permission`
  ADD PRIMARY KEY (`permission_id`),
  ADD UNIQUE KEY `role` (`role`);

--
-- 資料表索引 `mb_session`
--
ALTER TABLE `mb_session`
  ADD PRIMARY KEY (`session_id`),
  ADD KEY `fk_user_id` (`fk_user_id`);

--
-- 資料表索引 `mb_social_users`
--
ALTER TABLE `mb_social_users`
  ADD PRIMARY KEY (`id`),
  ADD UNIQUE KEY `social_id` (`social_id`),
  ADD KEY `fk_user_id` (`fk_user_id`),
  ADD KEY `fk_skin_id` (`fk_skin_id`);

--
-- 資料表索引 `mb_team_member`
--
ALTER TABLE `mb_team_member`
  ADD PRIMARY KEY (`id`),
  ADD KEY `fk_permission_id` (`fk_permission_id`);

--
-- 資料表索引 `mb_user`
--
ALTER TABLE `mb_user`
  ADD PRIMARY KEY (`user_id`),
  ADD UNIQUE KEY `email` (`email`),
  ADD UNIQUE KEY `phone` (`phone`),
  ADD KEY `fk_skin_id` (`fk_skin_id`);

--
-- 資料表索引 `mb_user_setting`
--
ALTER TABLE `mb_user_setting`
  ADD PRIMARY KEY (`user_setting_id`),
  ADD UNIQUE KEY `fk_user_id` (`fk_user_id`);

--
-- 資料表索引 `sn_comments`
--
ALTER TABLE `sn_comments`
  ADD PRIMARY KEY (`comment_id`),
  ADD KEY `post_id` (`post_id`);

--
-- 資料表索引 `sn_comments_reply`
--
ALTER TABLE `sn_comments_reply`
  ADD PRIMARY KEY (`cr_id`),
  ADD KEY `user_id` (`user_id`),
  ADD KEY `post_id` (`post_id`);

--
-- 資料表索引 `sn_followed_boards`
--
ALTER TABLE `sn_followed_boards`
  ADD PRIMARY KEY (`follow_id`),
  ADD KEY `user_id` (`user_id`);

--
-- 資料表索引 `sn_friends`
--
ALTER TABLE `sn_friends`
  ADD PRIMARY KEY (`friendship_id`),
  ADD KEY `user_id` (`user_id`);

--
-- 資料表索引 `sn_posts`
--
ALTER TABLE `sn_posts`
  ADD PRIMARY KEY (`post_id`),
  ADD KEY `user_id` (`user_id`);

--
-- 資料表索引 `sn_public_boards`
--
ALTER TABLE `sn_public_boards`
  ADD PRIMARY KEY (`board_id`);

--
-- 資料表索引 `sn_tagged_users`
--
ALTER TABLE `sn_tagged_users`
  ADD PRIMARY KEY (`tu_id`),
  ADD KEY `user_id` (`user_id`);

--
-- 資料表索引 `tr_favorite_list`
--
ALTER TABLE `tr_favorite_list`
  ADD PRIMARY KEY (`favlist_id`);

--
-- 資料表索引 `tr_level`
--
ALTER TABLE `tr_level`
  ADD PRIMARY KEY (`level_id`);

--
-- 資料表索引 `tr_location`
--
ALTER TABLE `tr_location`
  ADD PRIMARY KEY (`ruin_id`);

--
-- 資料表索引 `tr_tour`
--
ALTER TABLE `tr_tour`
  ADD PRIMARY KEY (`tour_id`),
  ADD KEY `ruin_id` (`ruin_id`),
  ADD KEY `level_id` (`level_id`);

--
-- 資料表索引 `tr_tour_comment`
--
ALTER TABLE `tr_tour_comment`
  ADD PRIMARY KEY (`tour_comment_id`);

--
-- 資料表索引 `tr_tour_images`
--
ALTER TABLE `tr_tour_images`
  ADD PRIMARY KEY (`tour_img_id`);

--
-- 資料表索引 `tr_tour_members`
--
ALTER TABLE `tr_tour_members`
  ADD PRIMARY KEY (`members_id`);

--
-- 在傾印的資料表使用自動遞增(AUTO_INCREMENT)
--

--
-- 使用資料表自動遞增(AUTO_INCREMENT) `ca_cart`
--
ALTER TABLE `ca_cart`
  MODIFY `cart_id` int(11) NOT NULL AUTO_INCREMENT, AUTO_INCREMENT=78;

--
-- 使用資料表自動遞增(AUTO_INCREMENT) `ca_category`
--
ALTER TABLE `ca_category`
  MODIFY `category_id` int(11) NOT NULL AUTO_INCREMENT, AUTO_INCREMENT=17;

--
-- 使用資料表自動遞增(AUTO_INCREMENT) `ca_merchandise`
--
ALTER TABLE `ca_merchandise`
  MODIFY `item_id` int(11) NOT NULL AUTO_INCREMENT, AUTO_INCREMENT=95;

--
-- 使用資料表自動遞增(AUTO_INCREMENT) `ca_orders`
--
ALTER TABLE `ca_orders`
  MODIFY `order_id` int(11) NOT NULL AUTO_INCREMENT, AUTO_INCREMENT=83;

--
-- 使用資料表自動遞增(AUTO_INCREMENT) `ca_order_detail`
--
ALTER TABLE `ca_order_detail`
  MODIFY `order_detail_id` int(11) NOT NULL AUTO_INCREMENT, AUTO_INCREMENT=52;

--
-- 使用資料表自動遞增(AUTO_INCREMENT) `gm_coupon`
--
ALTER TABLE `gm_coupon`
  MODIFY `coupon_id` int(11) NOT NULL AUTO_INCREMENT, AUTO_INCREMENT=17;

--
-- 使用資料表自動遞增(AUTO_INCREMENT) `gm_mission`
--
ALTER TABLE `gm_mission`
  MODIFY `#` int(11) NOT NULL AUTO_INCREMENT, AUTO_INCREMENT=12;

--
-- 使用資料表自動遞增(AUTO_INCREMENT) `gm_skin`
--
ALTER TABLE `gm_skin`
  MODIFY `skin_id` int(11) NOT NULL AUTO_INCREMENT, AUTO_INCREMENT=3006;

--
-- 使用資料表自動遞增(AUTO_INCREMENT) `gm_user_achieved`
--
ALTER TABLE `gm_user_achieved`
  MODIFY `user_achieved_id` int(20) NOT NULL AUTO_INCREMENT, AUTO_INCREMENT=2069;

--
-- 使用資料表自動遞增(AUTO_INCREMENT) `live_get_point`
--
ALTER TABLE `live_get_point`
  MODIFY `get_point_id` int(255) NOT NULL AUTO_INCREMENT, AUTO_INCREMENT=59;

--
-- 使用資料表自動遞增(AUTO_INCREMENT) `live_sticker_inventory`
--
ALTER TABLE `live_sticker_inventory`
  MODIFY `sticker_inventory_id` int(255) NOT NULL AUTO_INCREMENT, AUTO_INCREMENT=18;

--
-- 使用資料表自動遞增(AUTO_INCREMENT) `mb_activity_log`
--
ALTER TABLE `mb_activity_log`
  MODIFY `id` int(11) NOT NULL AUTO_INCREMENT, AUTO_INCREMENT=2;

--
-- 使用資料表自動遞增(AUTO_INCREMENT) `mb_permission`
--
ALTER TABLE `mb_permission`
  MODIFY `permission_id` int(11) NOT NULL AUTO_INCREMENT, AUTO_INCREMENT=5;

--
-- 使用資料表自動遞增(AUTO_INCREMENT) `mb_session`
--
ALTER TABLE `mb_session`
  MODIFY `session_id` int(11) NOT NULL AUTO_INCREMENT, AUTO_INCREMENT=3;

--
-- 使用資料表自動遞增(AUTO_INCREMENT) `mb_social_users`
--
ALTER TABLE `mb_social_users`
  MODIFY `id` int(11) NOT NULL AUTO_INCREMENT, AUTO_INCREMENT=3;

--
-- 使用資料表自動遞增(AUTO_INCREMENT) `mb_team_member`
--
ALTER TABLE `mb_team_member`
  MODIFY `id` int(11) NOT NULL AUTO_INCREMENT, AUTO_INCREMENT=8;

--
-- 使用資料表自動遞增(AUTO_INCREMENT) `mb_user`
--
ALTER TABLE `mb_user`
  MODIFY `user_id` int(11) NOT NULL AUTO_INCREMENT, AUTO_INCREMENT=154;

--
-- 使用資料表自動遞增(AUTO_INCREMENT) `mb_user_setting`
--
ALTER TABLE `mb_user_setting`
  MODIFY `user_setting_id` int(11) NOT NULL AUTO_INCREMENT, AUTO_INCREMENT=4;

--
-- 使用資料表自動遞增(AUTO_INCREMENT) `sn_comments`
--
ALTER TABLE `sn_comments`
  MODIFY `comment_id` int(11) NOT NULL AUTO_INCREMENT, AUTO_INCREMENT=50;

--
-- 使用資料表自動遞增(AUTO_INCREMENT) `sn_comments_reply`
--
ALTER TABLE `sn_comments_reply`
  MODIFY `cr_id` int(11) NOT NULL AUTO_INCREMENT, AUTO_INCREMENT=53;

--
-- 使用資料表自動遞增(AUTO_INCREMENT) `sn_followed_boards`
--
ALTER TABLE `sn_followed_boards`
  MODIFY `follow_id` int(11) NOT NULL AUTO_INCREMENT, AUTO_INCREMENT=49;

--
-- 使用資料表自動遞增(AUTO_INCREMENT) `sn_friends`
--
ALTER TABLE `sn_friends`
  MODIFY `friendship_id` int(11) NOT NULL AUTO_INCREMENT, AUTO_INCREMENT=2228;

--
-- 使用資料表自動遞增(AUTO_INCREMENT) `sn_posts`
--
ALTER TABLE `sn_posts`
  MODIFY `post_id` int(11) NOT NULL AUTO_INCREMENT, AUTO_INCREMENT=160;

--
-- 使用資料表自動遞增(AUTO_INCREMENT) `sn_tagged_users`
--
ALTER TABLE `sn_tagged_users`
  MODIFY `tu_id` int(11) NOT NULL AUTO_INCREMENT, AUTO_INCREMENT=49;

--
-- 使用資料表自動遞增(AUTO_INCREMENT) `tr_favorite_list`
--
ALTER TABLE `tr_favorite_list`
  MODIFY `favlist_id` int(11) NOT NULL AUTO_INCREMENT, AUTO_INCREMENT=51;

--
-- 使用資料表自動遞增(AUTO_INCREMENT) `tr_level`
--
ALTER TABLE `tr_level`
  MODIFY `level_id` int(11) NOT NULL AUTO_INCREMENT, AUTO_INCREMENT=4;

--
-- 使用資料表自動遞增(AUTO_INCREMENT) `tr_location`
--
ALTER TABLE `tr_location`
  MODIFY `ruin_id` int(11) NOT NULL AUTO_INCREMENT, AUTO_INCREMENT=51;

--
-- 使用資料表自動遞增(AUTO_INCREMENT) `tr_tour`
--
ALTER TABLE `tr_tour`
  MODIFY `tour_id` int(11) NOT NULL AUTO_INCREMENT, AUTO_INCREMENT=52;

--
-- 使用資料表自動遞增(AUTO_INCREMENT) `tr_tour_comment`
--
ALTER TABLE `tr_tour_comment`
  MODIFY `tour_comment_id` int(11) NOT NULL AUTO_INCREMENT, AUTO_INCREMENT=55;

--
-- 使用資料表自動遞增(AUTO_INCREMENT) `tr_tour_images`
--
ALTER TABLE `tr_tour_images`
  MODIFY `tour_img_id` int(11) NOT NULL AUTO_INCREMENT, AUTO_INCREMENT=51;

--
-- 使用資料表自動遞增(AUTO_INCREMENT) `tr_tour_members`
--
ALTER TABLE `tr_tour_members`
  MODIFY `members_id` int(11) NOT NULL AUTO_INCREMENT, AUTO_INCREMENT=51;

--
-- 已傾印資料表的限制式
--

--
-- 資料表的限制式 `ca_cart`
--
ALTER TABLE `ca_cart`
  ADD CONSTRAINT `FK_ID` FOREIGN KEY (`item_id`) REFERENCES `ca_merchandise` (`item_id`);

--
-- 資料表的限制式 `ca_merchandise`
--
ALTER TABLE `ca_merchandise`
  ADD CONSTRAINT `FK_Reference` FOREIGN KEY (`category_id`) REFERENCES `ca_category` (`category_id`) ON DELETE CASCADE;

--
-- 資料表的限制式 `mb_activity_log`
--
ALTER TABLE `mb_activity_log`
  ADD CONSTRAINT `mb_activity_log_ibfk_1` FOREIGN KEY (`fk_team_member_id`) REFERENCES `mb_team_member` (`id`);

--
-- 資料表的限制式 `mb_session`
--
ALTER TABLE `mb_session`
  ADD CONSTRAINT `mb_session_ibfk_1` FOREIGN KEY (`fk_user_id`) REFERENCES `mb_user` (`user_id`);

--
-- 資料表的限制式 `mb_social_users`
--
ALTER TABLE `mb_social_users`
  ADD CONSTRAINT `fk_skin_id` FOREIGN KEY (`fk_skin_id`) REFERENCES `gm_skin` (`skin_id`) ON DELETE CASCADE,
  ADD CONSTRAINT `mb_social_users_ibfk_1` FOREIGN KEY (`fk_user_id`) REFERENCES `mb_user` (`user_id`);

--
-- 資料表的限制式 `mb_team_member`
--
ALTER TABLE `mb_team_member`
  ADD CONSTRAINT `mb_team_member_ibfk_1` FOREIGN KEY (`fk_permission_id`) REFERENCES `mb_permission` (`permission_id`);

--
-- 資料表的限制式 `mb_user`
--
ALTER TABLE `mb_user`
  ADD CONSTRAINT `mb_user_id` FOREIGN KEY (`fk_skin_id`) REFERENCES `gm_skin` (`skin_id`) ON DELETE CASCADE;

--
-- 資料表的限制式 `mb_user_setting`
--
ALTER TABLE `mb_user_setting`
  ADD CONSTRAINT `mb_user_setting_ibfk_1` FOREIGN KEY (`fk_user_id`) REFERENCES `mb_user` (`user_id`);

--
-- 資料表的限制式 `sn_comments`
--
ALTER TABLE `sn_comments`
  ADD CONSTRAINT `sn_comments_ibfk_2` FOREIGN KEY (`post_id`) REFERENCES `sn_posts` (`post_id`) ON DELETE CASCADE;

--
-- 資料表的限制式 `tr_tour`
--
ALTER TABLE `tr_tour`
  ADD CONSTRAINT `tr_tour_ibfk_1` FOREIGN KEY (`ruin_id`) REFERENCES `tr_location` (`ruin_id`),
  ADD CONSTRAINT `tr_tour_ibfk_2` FOREIGN KEY (`level_id`) REFERENCES `tr_level` (`level_id`);
COMMIT;

/*!40101 SET CHARACTER_SET_CLIENT=@OLD_CHARACTER_SET_CLIENT */;
/*!40101 SET CHARACTER_SET_RESULTS=@OLD_CHARACTER_SET_RESULTS */;
/*!40101 SET COLLATION_CONNECTION=@OLD_COLLATION_CONNECTION */;
